epoch,lr,loss_train,loss_val,fbeta_0.20,fbeta_0.25,fbeta_0.30,fbeta_0.35,fbeta_0.40,fbeta_0.45,fbeta_0.50,fbeta_0.55,fbeta_0.60,fbeta_0.65,fbeta_0.70,fbeta_0.75,fbeta_0.80,fbeta_0.85,fbeta_0.90,fbeta_0.95,accuracy
1,4.000000000000002e-06,0.7592596494234525,0.7409194707870483,0.1023026257753372,0.1030173525214195,0.1050542518496513,0.1081091985106468,0.1121856644749641,0.1166862100362777,0.1240509301424026,0.1361076682806015,0.1411616057157516,0.1184914037585258,0.0426451414823532,0.0071121379733085,0.0,0.0,0.0,0.0,0.3261786287680255
2,6.894754202276402e-06,0.7104648874356196,0.7489037011799059,0.1054926887154579,0.1084316670894622,0.1118603348731994,0.1155831888318061,0.1192394196987152,0.1235402151942253,0.1298179626464843,0.1249958872795105,0.1101176962256431,0.0797885581851005,0.0283526647835969,0.0038801138289272,1.6667822819727007e-06,0.0,0.0,0.0,0.4524507053345047
3,1.522986673028906e-05,0.6740710836190443,0.7103064891539121,0.1057138219475746,0.111536294221878,0.1182895824313163,0.1248737871646881,0.1338491737842559,0.1460440456867218,0.1579077541828155,0.1659481525421142,0.1653092801570892,0.1503755301237106,0.11557337641716,0.052093032747507,0.0129871731624007,3.494625343591906e-05,0.0,0.0,0.5919141053725872
4,2.8000000000000003e-05,0.6424507838029128,1.081572054248107,0.1145214438438415,0.1189423650503158,0.1223587393760681,0.1259525716304779,0.1310187876224517,0.1386785358190536,0.1459100097417831,0.1523478776216507,0.1566800475120544,0.1557735055685043,0.1497396528720855,0.1339536011219024,0.1033046916127204,0.0604311637580394,0.0180217307060956,0.0018171952106058,0.4891974465216244
5,4.366488747198734e-05,0.6323282516919649,0.5771709343320445,0.1349072605371475,0.1488305926322937,0.1661287397146225,0.1860792785882949,0.201011911034584,0.2145333290100097,0.2276296317577362,0.2316440194845199,0.2312717139720916,0.2146273255348205,0.1717986613512039,0.1193180456757545,0.0700880512595176,0.037662785500288,0.0199969336390495,0.000817408086732,0.8318765198605126
6,6.0335112528012655e-05,0.6044259786605835,0.90981935043084,0.1239862442016601,0.1309033632278442,0.1396183669567108,0.1462978720664978,0.151974081993103,0.1570405811071396,0.1635648012161255,0.1728991419076919,0.1819700598716735,0.1887644380331039,0.1932941228151321,0.1962589472532272,0.1976623237133026,0.189367339015007,0.1664897799491882,0.1169910505414009,0.5386869827878012
7,7.599999999999999e-05,0.5864818279559796,0.4885956629326469,0.2327820807695388,0.3566325902938843,0.4227809906005859,0.4184226095676422,0.4021735191345215,0.3808423578739166,0.3504652380943298,0.3091263771057129,0.2535603642463684,0.1874395608901977,0.1232964470982551,0.066269926726818,0.0351162329316139,0.015203989110887,0.0,0.0,0.9265469946393504
8,8.877013326971095e-05,0.5731547218102675,0.508832228026892,0.1855779588222503,0.2653703689575195,0.3150030374526977,0.3447740375995636,0.3692503273487091,0.3907041251659393,0.4089018702507019,0.4041402339935303,0.3916952610015869,0.3615956604480743,0.3222377002239227,0.2834226787090301,0.2400949299335479,0.1937017887830734,0.1381517946720123,0.0780234932899475,0.913380017490278
9,9.71052457977236e-05,0.5574940929046044,0.4672069094682994,0.2078438550233841,0.3283932507038116,0.386226087808609,0.4076877534389496,0.4201670289039612,0.4314073622226715,0.4476878345012665,0.4672437608242035,0.4678899943828583,0.4574956893920898,0.435433566570282,0.3915698230266571,0.3386774063110351,0.2663941085338592,0.1871584206819534,0.0855638235807418,0.9171429019423808
10,0.0001,0.5470428104584034,0.4872759353173406,0.2900086939334869,0.3492449223995209,0.365994244813919,0.3847832083702087,0.4129016399383545,0.4338272511959076,0.4570575952529907,0.4661097228527069,0.4382523596286773,0.3999313116073608,0.3495618104934692,0.2935374677181244,0.2199918627738952,0.1645908206701278,0.112708494067192,0.0607308708131313,0.9277064005830694
11,9.99695414727894e-05,0.5362189898124108,0.5039773779480081,0.2327475547790527,0.2659662365913391,0.2904744148254394,0.3128470778465271,0.3335621058940887,0.3514004349708557,0.3761400878429413,0.3957020044326782,0.4141906797885895,0.4327621757984161,0.4502624273300171,0.4697214365005493,0.4885329306125641,0.504783570766449,0.5192984938621521,0.5197396874427795,0.8685252996614008
12,9.987820300018115e-05,0.5240953711362986,0.4844544757353632,0.3101394772529602,0.3314376175403595,0.3449641764163971,0.368516206741333,0.3888325989246368,0.4115920662879944,0.411121666431427,0.4175961315631866,0.4130532145500183,0.3613734543323517,0.2946100533008575,0.2200674414634704,0.1345785558223724,0.0637740492820739,0.0166315790265798,6.461257726186886e-05,0.924060087926293
13,9.97260958640346e-05,0.5177355385743655,0.4769850090930336,0.2368698120117187,0.2573991417884826,0.272113561630249,0.2835279107093811,0.2944335043430328,0.30661341547966,0.3378399908542633,0.365660697221756,0.3913436532020569,0.415542870759964,0.4415933191776275,0.4654211103916168,0.4860589802265167,0.4948811531066894,0.4768963456153869,0.3522525727748871,0.8445450235891319
14,9.951340538346476e-05,0.5025220930576324,0.4941074561915899,0.2308993190526962,0.2448064982891082,0.2548543512821197,0.2629918456077575,0.2713922560214996,0.2827379405498504,0.30585777759552,0.3294452130794525,0.3517434895038605,0.3754824995994568,0.4021414816379547,0.4341583251953125,0.4713267683982849,0.5092876553535461,0.5271060466766357,0.44522225856781,0.8029806912121348
15,9.92403906890598e-05,0.4987715115913978,0.4665795309763205,0.399474561214447,0.4101521968841553,0.4168781340122223,0.4195638000965118,0.4209887683391571,0.4204408824443817,0.4169930219650268,0.409767597913742,0.3994255065917969,0.3835475742816925,0.3666270673274994,0.3451242744922638,0.3089481890201568,0.2545709609985351,0.1874138861894607,0.097445860505104,0.9224271309807606
16,9.890738440717014e-05,0.4905249481017772,0.835337871783658,0.172818586230278,0.1755935251712799,0.177929937839508,0.1799347847700119,0.1819912791252136,0.1846941113471985,0.1896041184663772,0.1947027444839477,0.1998137533664703,0.2053626328706741,0.2122093141078949,0.2211743295192718,0.2334756702184677,0.253160148859024,0.2848243415355682,0.3497808873653412,0.5926486028642396
17,9.851479225465457e-05,0.4919607795201815,0.9462820687576344,0.1174152344465255,0.1041972860693931,0.0950841680169105,0.0879316255450248,0.0811939090490341,0.0730551555752754,0.0623117126524448,0.051609843969345,0.041052471846342,0.0322259180247783,0.0254296828061342,0.0205151289701461,0.0157564561814069,0.0099639678373932,0.0048442254774272,0.0014125863090157,0.7997070626427372
18,9.806309254457676e-05,0.4766772728699904,0.4739310117928605,0.2517158687114715,0.2684338986873626,0.2816491723060608,0.2949272692203522,0.310105413198471,0.3283939957618713,0.351379781961441,0.3751737475395202,0.4021120071411133,0.4313045144081116,0.4638696610927582,0.5016695857048035,0.5447186827659607,0.5610135197639465,0.5266676545143127,0.3901938796043396,0.8679510320310939
19,9.755283560345442e-05,0.4741149925268613,0.4554110941918273,0.5193774700164795,0.531494140625,0.5335959196090698,0.5306804776191711,0.5238490104675293,0.5160662531852722,0.5039957165718079,0.4864057898521423,0.4643823802471161,0.4337970018386841,0.3972979485988617,0.3610042333602905,0.316605657339096,0.2537046074867248,0.1862631738185882,0.0715132877230644,0.932129416033416
20,9.698464310077126e-05,0.4697425227898817,0.4377704094115056,0.4723458886146545,0.5159012675285339,0.5458747148513794,0.5544547438621521,0.560689389705658,0.5644918084144592,0.564626932144165,0.5618551969528198,0.55406653881073,0.5405380129814148,0.5195267200469971,0.4948105812072754,0.4592861235141754,0.4016478955745697,0.3018823266029358,0.1390127390623092,0.9350787776362696
21,9.635920729156846e-05,0.4660095434922438,0.5029016819439436,0.2351208329200744,0.2500004470348358,0.2626141607761383,0.2743927538394928,0.2867277264595032,0.3004066348075866,0.3143887817859649,0.3297333419322967,0.349120169878006,0.3701858520507812,0.3943417072296142,0.4223900437355041,0.455349326133728,0.4938200116157532,0.53876131772995,0.562833845615387,0.8066952587340303
22,9.567729017303852e-05,0.4661827096572289,0.4296272236265634,0.2976001501083374,0.31686532497406,0.3337261974811554,0.3497345447540283,0.3668748438358307,0.3870190382003784,0.408376008272171,0.429896593093872,0.4554704427719116,0.4796873927116394,0.5026090145111084,0.5238722562789917,0.5421314239501953,0.5549640655517578,0.5415176153182983,0.4544067978858948,0.8816510734148327
23,9.49397225561491e-05,0.4584345171084771,0.4025906155768193,0.4584018588066101,0.4864498972892761,0.506304144859314,0.5258187651634216,0.5440679788589478,0.5601381659507751,0.5721057653427124,0.5803919434547424,0.5846065282821655,0.5804267525672913,0.5717615485191345,0.556969940662384,0.5355836153030396,0.5042061805725098,0.4461661279201507,0.3218749463558197,0.9336669163584094
24,9.414740305342778e-05,0.446759406878398,0.4042357002433978,0.3944511413574219,0.4225553274154663,0.4430015683174133,0.4610151052474975,0.4808674454689026,0.5014922618865967,0.5187546610832214,0.5343393087387085,0.5481244921684265,0.5608847141265869,0.5728382468223572,0.5836395621299744,0.5898575186729431,0.5856765508651733,0.5654885768890381,0.4971661567687988,0.9207429014815036
25,9.330129698414118e-05,0.4516267207952646,0.4621746738098169,0.4046217501163482,0.4102014601230621,0.4127479493618011,0.4144459366798401,0.416657954454422,0.4185806810855865,0.4200167059898376,0.415262907743454,0.4081893563270569,0.3975942432880401,0.3812912106513977,0.3575511872768402,0.3216110169887543,0.2647737860679626,0.1576861590147018,0.0424609445035457,0.9225109654884868
26,9.240243519820206e-05,0.4348569260193751,0.4748984606642472,0.5073046684265137,0.5022097826004028,0.4968965351581573,0.489251971244812,0.480816900730133,0.4683726727962494,0.4553547203540802,0.4383482933044433,0.4165201187133789,0.3938652276992798,0.3669749796390533,0.3330181539058685,0.2891770601272583,0.2395328879356384,0.170162633061409,0.0808018073439598,0.9301021087772652
27,9.145191282023756e-05,0.4548085593260251,0.4190982556656787,0.3422837555408478,0.3631719052791595,0.3800404369831085,0.3947488665580749,0.4078860580921173,0.4196048676967621,0.4320971071720123,0.4459328949451446,0.4618987441062927,0.4785885512828827,0.4969934225082397,0.5110525488853455,0.5169779658317566,0.4929919242858886,0.3892101347446441,0.1461207717657089,0.8996225418292113
28,9.045088791534852e-05,0.4422343235749464,0.4169905193542179,0.3236483633518219,0.3455031812191009,0.3647550642490387,0.3846055567264557,0.4036184251308441,0.4190549552440643,0.431828111410141,0.4449022710323334,0.4610579311847687,0.4789651036262512,0.4973753988742828,0.5184382200241089,0.5415105819702148,0.5634726881980896,0.5773126482963562,0.4981158077716827,0.8919951545808633
29,8.940058007818537e-05,0.4190754840007195,0.4087056494072864,0.4051506221294403,0.4196570515632629,0.4305801093578338,0.4411683678627014,0.4503884315490722,0.4591733813285827,0.4677267670631408,0.47555011510849,0.4850692749023437,0.4958917498588562,0.5071715116500854,0.5191629528999329,0.5285390019416809,0.535912275314331,0.5383118987083435,0.4915680289268493,0.9115965742219434
30,8.830226894706027e-05,0.4362362242661989,0.408732743639695,0.3451581597328186,0.3625468015670776,0.3776480257511139,0.3911047279834747,0.4034942090511322,0.4149065613746643,0.4262912571430206,0.4391622245311737,0.4557648301124573,0.4749273359775543,0.4928489625453949,0.5109165906906128,0.5311577320098877,0.546363115310669,0.5462145805358887,0.4710120260715484,0.8920168959470737
31,8.715729264490463e-05,0.4257935015054849,0.4402058230418908,0.5006077885627747,0.5090014338493347,0.5161992907524109,0.5209187865257263,0.5251283645629883,0.5263574719429016,0.525122880935669,0.5215352177619934,0.5151311159133911,0.5064443945884705,0.4966127872467041,0.4818109273910522,0.4608928263187408,0.4303202331066131,0.3645526170730591,0.2419162988662719,0.9319147576135736
32,8.596704614897249e-05,0.4321662595638862,0.4038191845542506,0.3484818637371063,0.3643959760665893,0.3788544237613678,0.393924742937088,0.4100545346736908,0.4264862835407257,0.4419023096561432,0.4548559188842773,0.4695749282836914,0.4858485460281372,0.5051935911178589,0.5279799103736877,0.5503063797950745,0.5662579536437988,0.5632486343383789,0.4717221260070801,0.8960772463728113
33,8.473297959127577e-05,0.4222000745626596,0.3767549109302069,0.4493630826473236,0.4669107496738434,0.4806324541568756,0.4921797811985016,0.5022692084312439,0.5114277005195618,0.5206570625305176,0.5296796560287476,0.5392668843269348,0.5494877696037292,0.5607169270515442,0.5721585154533386,0.5830951929092407,0.5928152799606323,0.5944077372550964,0.5644749402999878,0.9206230484431204
34,8.345659649182164e-05,0.4189142882823944,0.3709797498426939,0.4778366088867187,0.494093120098114,0.5060267448425293,0.5164655447006226,0.5260013341903687,0.5344675779342651,0.5430511832237244,0.5517799854278564,0.5601688027381897,0.5682231783866882,0.5783403515815735,0.5888031721115112,0.5966888666152954,0.596588134765625,0.5602569580078125,0.3660713732242584,0.9267143881305766
35,8.213945192680503e-05,0.4246038767007681,0.4346669222179212,0.5237863063812256,0.5355100631713867,0.5429925322532654,0.5462388396263123,0.5469598174095154,0.544865608215332,0.5392313599586487,0.5319611430168152,0.522692084312439,0.5100618004798889,0.4946468770503998,0.4790493547916412,0.4578347504138946,0.4275765419006347,0.3753801584243774,0.2329212725162506,0.933147853763964
36,8.078315063398784e-05,0.4161624372005462,0.3869210760060109,0.4157941341400146,0.4359488785266876,0.4525682330131531,0.4666456580162048,0.4795424044132232,0.4901829957962036,0.4993948340415954,0.5094312429428101,0.5212031602859497,0.5333338975906372,0.5463339686393738,0.5612362623214722,0.577979564666748,0.5895220637321472,0.5858652591705322,0.489254355430603,0.9166774413337536
37,7.938934505757321e-05,0.4068616367303408,0.3826149251115949,0.4243647754192352,0.4414819478988647,0.4566580057144165,0.4708496630191803,0.4839240312576294,0.4966576099395752,0.509697437286377,0.5208988189697266,0.5312808156013489,0.5420753955841064,0.5526137351989746,0.5626562237739563,0.573232889175415,0.5826243758201599,0.5903291702270508,0.5686460733413696,0.9189230138723442
38,7.795973333495665e-05,0.4186890258238865,0.4722904327668641,0.28856161236763,0.3025004267692566,0.3148817718029022,0.3267074823379516,0.3379702568054199,0.3480257391929626,0.3574106395244598,0.3670321702957153,0.3775471448898315,0.3898090720176697,0.4036142826080322,0.4193406999111175,0.4382382333278656,0.4646957218647003,0.5035926103591919,0.5559537410736084,0.8437267667327241
39,7.649605722780741e-05,0.4022110397999103,0.5247074138177069,0.2722902297973633,0.2832528352737427,0.2927971184253692,0.301771879196167,0.3105153441429138,0.3183109760284424,0.3259645104408264,0.3340670168399811,0.3433042466640472,0.3538483679294586,0.365326464176178,0.3795078694820404,0.3968209624290466,0.4193182587623596,0.4565506875514984,0.5189798474311829,0.8242431963174734
40,7.50001e-05,0.4197946154154264,0.4662757696289765,0.2900332510471344,0.3035955131053924,0.3154596388339996,0.327470064163208,0.3387351036071777,0.3488628566265106,0.3598044812679291,0.3710014224052429,0.3840217292308807,0.3976203799247741,0.4123316705226898,0.4274333715438843,0.44659024477005,0.470987856388092,0.5092825293540955,0.5688062310218811,0.8484668354244203
41,7.347368424498198e-05,0.4138760406237382,0.4151211365273124,0.346960961818695,0.3645928204059601,0.3802440762519836,0.3946460783481598,0.4083406627178192,0.4203529953956604,0.4301912486553192,0.4387859106063843,0.4478526711463928,0.458092451095581,0.4702349901199341,0.483983427286148,0.5016279220581055,0.524262547492981,0.5530275106430054,0.5672531127929688,0.8904656695060857
42,7.191866966522452e-05,0.3983515157149388,0.3826658172827017,0.5384858846664429,0.5519179105758667,0.561816394329071,0.5701325535774231,0.5773252248764038,0.5836182832717896,0.5883238315582275,0.5919519066810608,0.5934020280838013,0.59373939037323,0.5935974717140198,0.5898309350013733,0.5813804864883423,0.5631584525108337,0.5221354365348816,0.3994822204113006,0.936197581328114
43,7.033695080646141e-05,0.4049541996075557,0.3841426792113404,0.4708838164806366,0.494657963514328,0.5124765634536743,0.5278531312942505,0.5410562753677368,0.5518101453781128,0.5616407990455627,0.5716091990470886,0.5824652910232544,0.5933317542076111,0.6034263968467712,0.6085397601127625,0.6086767315864563,0.5969609022140503,0.5492638349533081,0.3712872862815857,0.9312266483825452
44,6.873045474947693e-05,0.4037447727643526,0.5058268363538542,0.2786236405372619,0.2904698252677917,0.3006226420402527,0.309760183095932,0.3175292015075683,0.3248991668224334,0.3322572410106659,0.3400886356830597,0.3486305177211761,0.3583962619304657,0.3704859614372253,0.3854758739471435,0.4054397642612457,0.4331081509590149,0.4723636209964752,0.5289185047149658,0.8279517273540502
45,6.710113876225479e-05,0.4137578872533945,0.4149393929462683,0.4353077113628387,0.454215794801712,0.4702627658843994,0.4838154017925262,0.4966417551040649,0.5072546601295471,0.5172140598297119,0.5269511342048645,0.5384262800216675,0.5500986576080322,0.5604758858680725,0.5706484913825989,0.5770990252494812,0.5764899253845215,0.5547865033149719,0.4191058576107025,0.9233326288262362
46,6.54509879153485e-05,0.3996101246430323,0.3686199009810623,0.4479045271873474,0.4694133102893829,0.4863630533218384,0.500625491142273,0.5127167701721191,0.5235750675201416,0.5342516899108887,0.5448030233383179,0.5554539561271667,0.5670729875564575,0.5799286365509033,0.5948088765144348,0.6113223433494568,0.6259385347366333,0.62905353307724,0.5744253396987915,0.9236624563726172
47,6.378201266337879e-05,0.4016219836014967,0.3762224406788224,0.4647494554519653,0.4846149981021881,0.5004889965057373,0.513845682144165,0.5262821912765503,0.5368655323982239,0.5467156171798706,0.5559431910514832,0.5650528073310852,0.5752149820327759,0.5861777663230896,0.5970751643180847,0.605663537979126,0.6104133725166321,0.5987335443496704,0.5222263336181641,0.9280119819975476
48,6.209624639560426e-05,0.3962644558686476,0.4131009300288401,0.366592139005661,0.3831396698951721,0.3975290656089782,0.4101340472698211,0.4206841886043548,0.4298818707466125,0.4385401606559753,0.4480878114700317,0.4589470624923706,0.4709439277648926,0.4845294654369354,0.4998179972171783,0.5188648700714111,0.5451111197471619,0.5795573592185974,0.5934072136878967,0.8924605149988626
49,6.03957429585498e-05,0.3995504581011259,0.3900168581228507,0.4463896751403808,0.4678719341754913,0.484301745891571,0.4983790814876556,0.5107608437538147,0.5210172533988953,0.5300717353820801,0.5372585654258728,0.5441657304763794,0.5521730184555054,0.5609541535377502,0.571009635925293,0.5819074511528015,0.5877733826637268,0.5758572816848755,0.4997903704643249,0.924814598495828
50,5.8682574153711e-05,0.3985059600609999,0.414506459706708,0.3613459467887878,0.3780389130115509,0.3912408947944641,0.4031065106391907,0.4137748181819916,0.4234309792518616,0.431997001171112,0.4409001469612121,0.4511867165565491,0.4628438651561737,0.4758446514606476,0.4901908040046692,0.5084807872772217,0.5304602384567261,0.5565147399902344,0.5399668216705322,0.8905809137755951
51,5.695882721338309e-05,0.3994066701485561,0.3922370331067788,0.3848191797733307,0.4031291902065277,0.4184899032115936,0.431471437215805,0.4433942139148712,0.4546032249927521,0.4647162854671478,0.4744596183300018,0.4849589467048645,0.4975704550743103,0.5128154754638672,0.5297475457191467,0.5506056547164917,0.5766469836235046,0.6017629504203796,0.5887431502342224,0.9020433978709592
52,5.522660225769002e-05,0.3880510247670687,0.3739067010189357,0.4263820946216583,0.4466377198696136,0.4634692072868347,0.4777765274047851,0.4899576306343078,0.5005189180374146,0.5100295543670654,0.5195919871330261,0.5293696522712708,0.5409159064292908,0.5543792247772217,0.5706614851951599,0.5910617113113403,0.6129865050315857,0.6310545206069946,0.6139563322067261,0.9161347838464856
53,5.348800973591151e-05,0.3821677074982569,0.3797960771541846,0.618932843208313,0.6263176202774048,0.6298242211341858,0.6325119733810425,0.6344524621963501,0.6359758973121643,0.6373685598373413,0.6380656957626343,0.6393477916717529,0.6400206089019775,0.6366178393363953,0.6290686726570129,0.6150525808334351,0.5908526182174683,0.5364118218421936,0.3710827231407165,0.9416784344733508
54,5.174516785522572e-05,0.3776339810628157,0.4026334328871024,0.5775172114372253,0.5900401473045349,0.5978789925575256,0.6019821763038635,0.6004264950752258,0.5981777310371399,0.5938389301300049,0.5884888172149658,0.579882800579071,0.5692792534828186,0.5541031956672668,0.5310018062591553,0.497988611459732,0.4494983851909637,0.3715458512306213,0.2005175650119781,0.9376517230508628
55,5.00002e-05,0.3722326219081878,0.3751980944683677,0.4959864914417267,0.5177862048149109,0.5352663993835449,0.5477902889251709,0.557905375957489,0.5659022331237793,0.5735231637954712,0.5814030766487122,0.5894709229469299,0.5978643894195557,0.6069328188896179,0.6154025197029114,0.6209624409675598,0.6166577339172363,0.5916154980659485,0.4629601538181305,0.9331442469013668
56,4.825523214477431e-05,0.3939470635010646,0.4359099464981179,0.3378030359745025,0.353571742773056,0.3667451739311218,0.3785873651504516,0.3893336653709411,0.3990826308727264,0.4080197811126709,0.4165672957897186,0.4264923334121704,0.4381687939167022,0.4512966573238373,0.4665377736091614,0.4859853684902191,0.5122911334037781,0.552190363407135,0.5947513580322266,0.8757803033942531
57,4.6512390264088486e-05,0.3847732328451597,0.4095343627819889,0.5352561473846436,0.5486142635345459,0.5562464594841003,0.5619415044784546,0.5662177205085754,0.5686829686164856,0.5705793499946594,0.572380542755127,0.5722900629043579,0.569452166557312,0.5635018944740295,0.5524538159370422,0.5366207361221313,0.5067533850669861,0.4496216773986816,0.3060853779315948,0.9350565603645776
58,4.477379774230999e-05,0.3720609224759615,0.3624241997144724,0.4942583739757538,0.5155475735664368,0.5333492159843445,0.5482063293457031,0.560468316078186,0.5697926878929138,0.578489363193512,0.5876106023788452,0.596291184425354,0.6056377291679382,0.6153780817985535,0.6215193271636963,0.6249076724052429,0.6261847019195557,0.615052342414856,0.5276036858558655,0.933117370765487
59,4.3041572786616935e-05,0.3725379338631263,0.3710253168093531,0.4533645510673523,0.4741212725639343,0.4909399151802063,0.504399836063385,0.5159832239151001,0.5262043476104736,0.534993588924408,0.5439223647117615,0.5540741086006165,0.5651772022247314,0.5772480964660645,0.5901908278465271,0.603001594543457,0.6160392761230469,0.6268492341041565,0.6079142689704895,0.9228547946750886
60,4.131782584628902e-05,0.3746265562681051,0.3928209811841187,0.3715347647666931,0.3930465281009674,0.4117239713668823,0.4280384182929992,0.4421895742416382,0.4546497166156769,0.4675779044628143,0.4813101291656494,0.4959914982318878,0.5114209055900574,0.5269874930381775,0.5431430339813232,0.559598445892334,0.5818601846694946,0.6069279313087463,0.6078492403030396,0.90235115843159
61,3.960465704145021e-05,0.3706730159429403,0.3704143774352575,0.4218159019947052,0.4411068558692932,0.4581227600574493,0.4727346301078796,0.4852842986583709,0.4959766864776611,0.5059357285499573,0.5159617066383362,0.5258232355117798,0.5365242958068848,0.5495373606681824,0.5632985234260559,0.580764651298523,0.6013724207878113,0.6236433386802673,0.623370885848999,0.91461652012201
62,3.790415360439575e-05,0.373970660338035,0.3988743212662245,0.3669510781764984,0.3874074518680572,0.4040671288967132,0.417784184217453,0.4301084578037262,0.4423553347587585,0.4540645182132721,0.4662060439586639,0.4789624810218811,0.4916960597038269,0.50641930103302,0.5226719379425049,0.5416741371154785,0.5650349855422974,0.6009161472320557,0.6359459757804871,0.8958262688504283
63,3.621838733662121e-05,0.3654422746254848,0.4278259222444735,0.3490791618824005,0.3645529747009277,0.3766092658042907,0.3871071934700012,0.3963501155376434,0.4045794606208801,0.4130309224128723,0.4215132594108581,0.4308694303035736,0.4422152042388916,0.4557968080043793,0.4725918769836426,0.49383744597435,0.5227050185203552,0.5600229501724243,0.6074320673942566,0.8768890629756707
64,3.454941208465151e-05,0.365022344314135,0.3785732788474936,0.573022723197937,0.5889710783958435,0.5998865365982056,0.6073451638221741,0.6138841509819031,0.6195700168609619,0.6231180429458618,0.6250378489494324,0.6266229748725891,0.6276862621307373,0.6276916861534119,0.6243948936462402,0.6186769008636475,0.608291745185852,0.5805702805519104,0.4821406602859497,0.940185819549566
65,3.289926123774523e-05,0.361603280214163,0.3807175908433763,0.4736723005771637,0.4920351505279541,0.5066815614700317,0.5194008946418762,0.5297924280166626,0.5387268662452698,0.5473929047584534,0.5561153888702393,0.5647015571594238,0.5745522379875183,0.5838371515274048,0.5927782654762268,0.599806010723114,0.6089698076248169,0.6088257431983948,0.5624825954437256,0.9272444716940688
66,3.126994525052308e-05,0.3611483445534339,0.3963310836177123,0.4013570845127105,0.41636523604393,0.4285321831703186,0.4386070668697357,0.4477241337299347,0.4563996791839599,0.4647825360298157,0.4734991788864136,0.4827432334423065,0.4928532540798187,0.5048820972442627,0.5182614922523499,0.5349410176277161,0.5567317605018616,0.5838528871536255,0.602809488773346,0.9024775739560876
67,2.966344919353861e-05,0.3559357574352851,0.365095895371939,0.4712093770503998,0.487888753414154,0.5014075636863708,0.5129054188728333,0.5225672125816345,0.5318769812583923,0.5409049391746521,0.5505481362342834,0.5600431561470032,0.5707990527153015,0.5824621915817261,0.5945366621017456,0.6076328754425049,0.6246268153190613,0.6447579264640808,0.6199081540107727,0.9248576053227674
68,2.8081730334775483e-05,0.3665112577951871,0.4020977016342313,0.3895925283432007,0.405923843383789,0.4190306961536407,0.4293868541717529,0.4382667243480682,0.447057694196701,0.4560576379299164,0.4653654992580414,0.4751927554607391,0.4862166941165924,0.4984829723834991,0.513141393661499,0.531370997428894,0.5528277158737183,0.5865286588668823,0.6146703958511353,0.8984840757266813
69,2.652671575501804e-05,0.353254766189135,0.3810862824320793,0.4220559597015381,0.4363884329795837,0.4471805393695831,0.4564051628112793,0.4645447134971618,0.4724847674369812,0.4800283014774322,0.4876531064510345,0.4957718253135681,0.5043286085128784,0.5144683122634888,0.5287637114524841,0.5480177998542786,0.5715962052345276,0.6058814525604248,0.6481739282608032,0.9064064993259424
70,2.500030000000001e-05,0.3495276024708381,0.3819541299813672,0.4518885910511017,0.4672412276268005,0.4791323244571686,0.4898709654808044,0.4989215731620788,0.5071632266044617,0.5154119729995728,0.5234597325325012,0.5314552783966064,0.5404226779937744,0.549822211265564,0.5621727108955383,0.5757855772972107,0.5925762057304382,0.6095878481864929,0.6083632707595825,0.9188048390269746
71,2.350434277219261e-05,0.3531458882185129,0.4047087783876218,0.3680379688739776,0.3842375874519348,0.3976381719112396,0.4090884625911712,0.4193089306354522,0.4289141595363617,0.438575267791748,0.4485374391078949,0.459102064371109,0.470889002084732,0.4838724434375763,0.498679906129837,0.5169689059257507,0.5417127013206482,0.5826728343963623,0.6262034177780151,0.8893728402344722
72,2.204066666504336e-05,0.3570047176801241,0.366049887710496,0.4514455497264862,0.4704503715038299,0.4854422807693481,0.497902512550354,0.5091710090637207,0.519928514957428,0.5304334163665771,0.5410403609275818,0.5514710545539856,0.5628183484077454,0.5757471323013306,0.5898258090019226,0.6057253479957581,0.6232064962387085,0.636515736579895,0.6187700629234314,0.9227222424746444
73,2.0611054942426808e-05,0.3568871021270752,0.3722104769396154,0.5085747838020325,0.527962327003479,0.5426565408706665,0.5548514127731323,0.5648152828216553,0.5732556581497192,0.5800482630729675,0.5862081050872803,0.5912817716598511,0.5963818430900574,0.6025864481925964,0.6082838773727417,0.6144874095916748,0.6205692887306213,0.6195129752159119,0.5795847177505493,0.9335946288205254
74,1.921724936601216e-05,0.3522541527564709,0.3696082704945614,0.4572475552558899,0.4751578867435455,0.4890605807304382,0.5004197955131531,0.5104045867919922,0.5195292234420776,0.5281906127929688,0.5371630787849426,0.5470291972160339,0.5587047934532166,0.5706276297569275,0.5834681987762451,0.5969184637069702,0.6137980818748474,0.6294989585876465,0.6006682515144348,0.9215479582227124
75,1.786094807319497e-05,0.3530776037619664,0.3539636444888617,0.5083687901496887,0.5292425751686096,0.5443029403686523,0.5564302206039429,0.5666217803955078,0.5756257772445679,0.5841836333274841,0.5931648015975952,0.6016753911972046,0.610480546951294,0.6205589771270752,0.6319770216941833,0.6451874375343323,0.6556808352470398,0.659665584564209,0.6338821053504944,0.9336629087333014
76,1.654380350817838e-05,0.3641373753547668,0.3565522212731211,0.5298239588737488,0.54807049036026,0.5632355213165283,0.5757869482040405,0.5859975218772888,0.5954867601394653,0.6044180393218994,0.6134735941886902,0.6218236684799194,0.6300255060195923,0.6393802762031555,0.6496995091438293,0.6582924127578735,0.6576422452926636,0.6488890051841736,0.6020476222038269,0.9372592262668566
77,1.5267420408724226e-05,0.3406624670212085,0.3657930785495984,0.5024025440216064,0.5201846361160278,0.534545361995697,0.5469287037849426,0.5578654408454895,0.5670949816703796,0.5758286714553833,0.5847409963607788,0.5946528911590576,0.6053597331047058,0.6172040700912476,0.6299816370010376,0.6401024460792542,0.6480494737625122,0.6486837863922119,0.6112462282180786,0.9322864648423322
78,1.403335385102752e-05,0.3483383160371047,0.3796144390576764,0.4488527774810791,0.4646120369434356,0.4772030413150787,0.4874029159545898,0.4967959821224212,0.505690336227417,0.5143517255783081,0.5235570669174194,0.5341043472290039,0.54620760679245,0.5605514049530029,0.5750463008880615,0.5906769633293152,0.6094014644622803,0.6313916444778442,0.6178187131881714,0.9184167255829304
79,1.2843107355095378e-05,0.3474028227420954,0.3569164029077479,0.5495963096618652,0.5701271891593933,0.5861331820487976,0.5985942482948303,0.6083003878593445,0.6164107322692871,0.6243273019790649,0.6322993636131287,0.640906572341919,0.6490157842636108,0.6565812230110168,0.6634040474891663,0.6687999367713928,0.6719182729721069,0.666334867477417,0.6215130090713501,0.9403056725879496
80,1.1698131052939727e-05,0.3501766030605022,0.3839482155285383,0.4209785163402557,0.4378301501274109,0.4514429271221161,0.4628235399723053,0.4723013043403625,0.48232102394104,0.4924902021884918,0.5029856562614441,0.5142343044281006,0.5262088179588318,0.5392938256263733,0.5543283224105835,0.5716376304626465,0.5970561504364014,0.6266785264015198,0.6345961093902588,0.9107007447720404
81,1.0599819921814628e-05,0.3521084255897082,0.3604454966752152,0.5090638399124146,0.5259580016136169,0.5391040444374084,0.548927366733551,0.5582053065299988,0.5669373273849487,0.5749419331550598,0.5830450654029846,0.5922625660896301,0.6031796336174011,0.6152307987213135,0.6287787556648254,0.6439710855484009,0.6576387882232666,0.6609197854995728,0.6256623864173889,0.9321779082972216
82,9.549512084651507e-06,0.3435538516594813,0.3586904351648531,0.524241030216217,0.543971836566925,0.5583434104919434,0.5705469846725464,0.5811874270439148,0.5905842185020447,0.5990801453590393,0.6079884171485901,0.6174033880233765,0.627602219581604,0.637630045413971,0.6463914513587952,0.6524518728256226,0.6561934947967529,0.643175482749939,0.5789766311645508,0.9364890859594006
83,8.548487179762428e-06,0.3494210658165125,0.3632238389630067,0.5664051175117493,0.5825971961021423,0.5931926965713501,0.6011523604393005,0.6081990599632263,0.6153084635734558,0.6222204566001892,0.6290433406829834,0.6361971497535706,0.643140435218811,0.6482917666435242,0.6526814103126526,0.6534391641616821,0.6523360013961792,0.6422073245048523,0.5860511660575867,0.940023686066294
84,7.597964801797933e-06,0.3396054075314448,0.359972313830727,0.5135422348976135,0.5304465293884277,0.5443704128265381,0.555793821811676,0.5657093524932861,0.5746126174926758,0.5826071500778198,0.590792179107666,0.5992693305015564,0.6086616516113281,0.6197965145111084,0.6317844390869141,0.6461520195007324,0.6579850316047668,0.6585528254508972,0.6201653480529785,0.9335734635504244
85,6.6991030158588215e-06,0.3423196673393249,0.3581041823092259,0.5239101648330688,0.5425747036933899,0.5570880174636841,0.5683571100234985,0.5769605040550232,0.5854955315589905,0.594036340713501,0.6025820970535278,0.6114095449447632,0.6212785243988037,0.6323362588882446,0.6438852548599243,0.6559031009674072,0.6630785465240479,0.65815269947052,0.6195535659790039,0.9355625480821084
86,5.852996946572223e-06,0.3481662039573376,0.3715042181705174,0.4717249870300293,0.4888497591018677,0.503491997718811,0.515470027923584,0.5259061455726624,0.5349618792533875,0.5432876944541931,0.5519953370094299,0.5615836977958679,0.5736393332481384,0.587675929069519,0.6044514179229736,0.6197486519813538,0.6353905200958252,0.6438185572624207,0.6275074481964111,0.9255587894307103
87,5.060677443850919e-06,0.3458155783323141,0.3614083369703669,0.4950244128704071,0.5134626030921936,0.5273059606552124,0.5382525324821472,0.5488512516021729,0.5585348010063171,0.5679017901420593,0.5778062343597412,0.5881725549697876,0.599880576133728,0.61287921667099,0.6276320815086365,0.6426709890365601,0.6531249284744263,0.6563706398010254,0.6274640560150146,0.9307175798032126
88,4.32310982696148e-06,0.3362294930678147,0.3619026392698288,0.4953345358371734,0.5114975571632385,0.5246554017066956,0.5369079113006592,0.5473766922950745,0.5571653246879578,0.5666232109069824,0.5759332180023193,0.5849384665489197,0.5959200263023376,0.6092154383659363,0.6232811212539673,0.6375012397766113,0.650509238243103,0.6550849676132202,0.6265292763710022,0.9304026556127016
89,3.641192708431548e-06,0.3351538836956024,0.3562368040806369,0.5440314412117004,0.5599893927574158,0.5733720660209656,0.5848138928413391,0.5949159264564514,0.6046974658966064,0.6144323945045471,0.6236191391944885,0.6317784786224365,0.6392039060592651,0.6471547484397888,0.6545646786689758,0.6604536175727844,0.6639764308929443,0.6581155061721802,0.6189298629760742,0.9388383808453152
90,3.0157568992287413e-06,0.3356768491176458,0.3591404588598954,0.530201256275177,0.5483607053756714,0.562333881855011,0.5733827352523804,0.5830515623092651,0.5917423367500305,0.5997253656387329,0.6091199517250061,0.6194518804550171,0.6293456554412842,0.6384873986244202,0.6471537351608276,0.6562204957008362,0.6620780229568481,0.6577577590942383,0.6285544037818909,0.936496925876018
91,2.4475643965455825e-06,0.3358822276959052,0.3605794136069323,0.5240398049354553,0.5419307351112366,0.556648313999176,0.5687047243118286,0.5788041353225708,0.5876376628875732,0.5961651802062988,0.6055082082748413,0.615204930305481,0.625098705291748,0.6341955065727234,0.6436083912849426,0.652701199054718,0.6587913632392883,0.6567769646644592,0.6269264221191406,0.9358952811566928
92,1.937307455423243e-06,0.336552803332989,0.3673621902340336,0.4700933992862701,0.4869031310081482,0.5003286004066467,0.5112674832344055,0.5212501287460327,0.5305176377296448,0.5408750176429749,0.5516513586044312,0.5623432397842407,0.5738092660903931,0.5863088965415955,0.5999197959899902,0.6163758635520935,0.6361101865768433,0.656987190246582,0.6517593264579773,0.9244829675181484
93,1.4856077453454315e-06,0.347075847020516,0.3640579773407233,0.4868087768554687,0.5038281679153442,0.517326831817627,0.5292803049087524,0.5406399369239807,0.5517780184745789,0.5614304542541504,0.5711533427238464,0.5805689096450806,0.5908331274986267,0.6021134257316589,0.6147465705871582,0.6305773854255676,0.6475474238395691,0.660977840423584,0.6420429944992065,0.9291952834059723
94,1.0930155928298625e-06,0.3292726136170901,0.3617707737966588,0.5041437149047852,0.5224604606628418,0.5365356802940369,0.548454761505127,0.5589388012886047,0.568956196308136,0.5786300897598267,0.5875436663627625,0.5968141555786133,0.6066386103630066,0.6182010769844055,0.6304094791412354,0.6429774165153503,0.6542699933052063,0.6598243117332458,0.6333079934120178,0.9327051364278244
95,7.600093109402015e-07,0.3381749756061113,0.360539061850623,0.5158070921897888,0.5333056449890137,0.5472544431686401,0.5586336851119995,0.5691303014755249,0.5784957408905029,0.5874602794647217,0.5962623357772827,0.6055697202682495,0.6154996156692505,0.6261495351791382,0.6378706097602844,0.6498108506202698,0.6591928005218506,0.6598765254020691,0.6322091221809387,0.9343590582622026
96,4.869946165352303e-07,0.3336575072545271,0.3610220412282567,0.5107846260070801,0.5292783975601196,0.5434830188751221,0.5549942255020142,0.5655746459960938,0.5755738019943237,0.5854513049125671,0.5950368046760559,0.6042517423629761,0.6140312552452087,0.6258047223091125,0.6383641958236694,0.649368166923523,0.6585919260978699,0.6573499441146851,0.6269357800483704,0.9340340899612648
97,2.743041359654092e-07,0.3405820232171279,0.3683435571821112,0.4725691080093384,0.4886472523212433,0.5016292333602905,0.5120642781257629,0.5212334990501404,0.5303633809089661,0.5400912761688232,0.5503523349761963,0.5617106556892395,0.5727999806404114,0.5841795802116394,0.5978982448577881,0.6135474443435669,0.6324775218963623,0.6501667499542236,0.6483091711997986,0.9244115566482568
98,1.221969998188421e-07,0.3331713669575177,0.3620433693653659,0.5067172050476074,0.524777352809906,0.5388612151145935,0.550849974155426,0.5617319941520691,0.5713679790496826,0.5806866884231567,0.5895963907241821,0.5985906720161438,0.6086207032203674,0.6197995543479919,0.6324220895767212,0.644349217414856,0.6555365920066833,0.6581255793571472,0.6324436068534851,0.9331251104914766
99,3.085852721061571e-08,0.3321932969185022,0.3628776200899952,0.4943309724330902,0.5112234950065613,0.5248358845710754,0.536514163017273,0.5472656488418579,0.5575836300849915,0.5673026442527771,0.5765909552574158,0.5860038995742798,0.5958479046821594,0.6063383221626282,0.6190842986106873,0.6345563530921936,0.6480111479759216,0.6607940793037415,0.639587938785553,0.9304374718558264
100,3.9999999999999996e-10,0.3348536690840354,0.3665787403128649,0.4819623529911041,0.49777695536613464,0.5112569332122803,0.5234102606773376,0.5338539481163025,0.5435787439346313,0.553717315196991,0.5634759068489075,0.5734303593635559,0.583953320980072,0.5956884026527405,0.608536958694458,0.6248176097869873,0.6422865986824036,0.6566483974456787,0.6443467736244202,0.9275759774334638
