train_loss,val_loss,fbeta_0.20,fbeta_0.25,fbeta_0.30,fbeta_0.35,fbeta_0.40,fbeta_0.45,fbeta_0.50,fbeta_0.55,fbeta_0.60,fbeta_0.65,fbeta_0.70,fbeta_0.75,fbeta_0.80,fbeta_0.85,fbeta_0.90,fbeta_0.95,epoch
0.730593928584346,0.6856250643730164,0.137126013636589,0.1371862292289734,0.161601573228836,0.2002971768379211,0.2297737896442413,0.2525577247142792,0.279048889875412,0.3140343725681305,0.3430415391921997,0.3422721624374389,0.2210043519735336,0.0261580441147089,0.0005409661098383,0.0,0.0,0.0,1
0.7215805296544675,0.8231233477592468,0.137135699391365,0.1374752819538116,0.1384993642568588,0.1407898515462875,0.1472621709108352,0.1544658839702606,0.165012389421463,0.2565427422523498,0.2754745483398437,0.2922949492931366,0.3059481680393219,0.3148431479930877,0.3208483457565307,0.2797390818595886,0.0902155116200447,2.144190148101188e-05,2
0.7120223773850335,0.9094236493110656,0.1376609057188034,0.1387739926576614,0.1414381712675094,0.1458122134208679,0.1509326696395874,0.1586058288812637,0.1679475009441375,0.1829040497541427,0.2494093626737594,0.2556473314762115,0.26581671833992,0.2787177860736847,0.2957784533500671,0.3126603066921234,0.3083370327949524,0.0530534945428371,3
0.7049881330242863,0.9089967966079712,0.1373627781867981,0.138961985707283,0.1491925865411758,0.1652419716119766,0.2341435700654983,0.238204151391983,0.2406549900770187,0.2422148585319519,0.2439295053482055,0.246011421084404,0.248492807149887,0.251945286989212,0.2620517015457153,0.2781216204166412,0.3004036545753479,0.0841988921165466,4
0.6888304352760315,0.8199134409427643,0.1371272355318069,0.1372674405574798,0.1389551311731338,0.1446755975484848,0.1698907315731048,0.2401069700717926,0.2425581812858581,0.2448672801256179,0.2476075291633606,0.2517622709274292,0.2592383623123169,0.2673916220664978,0.2586813569068908,0.1839765161275863,0.0172259081155061,0.0,5
0.686838236120012,1.0961212158203124,0.1371255218982696,0.1371490061283111,0.1378503590822219,0.1396944373846054,0.1433071345090866,0.1479964852333068,0.1545905172824859,0.1633509248495102,0.2269386351108551,0.2417056709527969,0.2434934824705124,0.2454857528209686,0.2484237402677536,0.2536352574825287,0.269709974527359,0.2456018924713134,6
0.6866554463351214,0.9177635848522188,0.137126013636589,0.1373974531888961,0.1392736434936523,0.1955102980136871,0.23308065533638,0.2361729443073272,0.2376740872859954,0.2389558851718902,0.2404192388057708,0.2421409785747528,0.2445325702428817,0.2480462789535522,0.2553697228431701,0.2684595882892608,0.2618380486965179,0.0102635733783245,7
0.677237194997293,0.8616353690624237,0.1371302455663681,0.1377912163734436,0.1473845094442367,0.2308153510093689,0.2356154471635818,0.237727403640747,0.2392213493585586,0.2407672554254531,0.2428681701421737,0.2460584044456482,0.2511579096317291,0.2587215602397918,0.2722556591033935,0.2722727656364441,0.218714490532875,0.0166555475443601,8
0.663819569128531,0.8732301652431488,0.1371286958456039,0.1373891234397888,0.1867286264896392,0.2294277399778366,0.2364244312047958,0.2382416129112243,0.2395505160093307,0.2407850623130798,0.2422311305999755,0.2445234805345535,0.2483630329370498,0.2541373968124389,0.2606409788131714,0.2537137567996979,0.2242275178432464,0.0478726401925087,9
0.6688305603133308,0.9309136033058166,0.1371413171291351,0.1379188597202301,0.152491495013237,0.2312672138214111,0.2365421056747436,0.2379203289747238,0.2389436513185501,0.2398423254489898,0.2408689260482788,0.2422715276479721,0.2445024698972702,0.2473165094852447,0.2516503632068634,0.2608145773410797,0.2703745663166046,0.1045588850975036,10
0.6621252165900336,0.9317714869976044,0.1371298283338546,0.1377092897891998,0.1648537665605545,0.2343158721923828,0.2379619926214218,0.239501804113388,0.2404759526252746,0.2412810623645782,0.2421222925186157,0.2432624548673629,0.2449504137039184,0.2473506480455398,0.2495644092559814,0.2505412101745605,0.2486526072025299,0.1503818035125732,11
0.671646844457697,0.9105779767036438,0.1371470987796783,0.1408856362104416,0.2267031669616699,0.2358891516923904,0.2380948960781097,0.2391484826803207,0.2400407344102859,0.2409022748470306,0.2416466772556305,0.2425185739994049,0.2439800053834915,0.247251883149147,0.2488898783922195,0.2574101984500885,0.2687627971172333,0.1714489758014679,12
0.6620922419759963,0.9353760182857512,0.1371264606714248,0.1376291066408157,0.141531229019165,0.1713904291391372,0.2375689446926117,0.2389900535345077,0.2402758002281189,0.2415723353624344,0.2431341260671615,0.2453214824199676,0.2481202036142349,0.2525348663330078,0.2601111233234405,0.2702485024929046,0.2616901695728302,0.1568616479635238,13
0.6722646797144854,0.7391079008579254,0.1371261477470398,0.1372303217649459,0.2154432535171508,0.2440788894891739,0.2546311914920807,0.26276496052742,0.2711665630340576,0.2802221775054931,0.2899752259254455,0.3001436591148376,0.3100855946540832,0.3219555616378784,0.3326730132102966,0.3219062089920044,0.2214502245187759,0.0084257442504167,14
0.6469244051862646,0.9274303615093232,0.137127012014389,0.1388982385396957,0.2240528017282486,0.2354017198085785,0.2377588748931884,0.2386972904205322,0.23941570520401,0.2401152402162552,0.2409930527210235,0.2423487454652786,0.2442850768566131,0.2474557161331176,0.2553262710571289,0.277477353811264,0.3143265843391418,0.2296683341264724,15
0.654544715528135,0.8877521216869354,0.1371259987354278,0.1372201591730117,0.1912354528903961,0.2311926633119583,0.2347082942724228,0.2359290421009063,0.2370149791240692,0.2380582392215728,0.239332228899002,0.2411630004644394,0.2441317290067672,0.2511491179466247,0.2698172330856323,0.3077839314937591,0.3234164118766784,0.0631714016199112,16
0.6500098020942123,0.8520368158817291,0.1371274590492248,0.1374392658472061,0.2234460860490799,0.2340878248214721,0.2361632585525512,0.2372597008943557,0.2381874769926071,0.239125981926918,0.2403033226728439,0.2422142475843429,0.2461111545562744,0.2560367584228515,0.2793673276901245,0.3201363980770111,0.2610720992088318,0.0002302074426552,17
0.6363242930836148,0.8492217481136322,0.1371282041072845,0.1374487727880478,0.2207735180854797,0.2387021631002426,0.2415830343961715,0.2431557923555374,0.244462639093399,0.2456775903701782,0.2472414672374725,0.2495979815721511,0.2527638375759125,0.257220983505249,0.2640840709209442,0.2764393091201782,0.2298108488321304,0.0139109464362263,18
0.6386823146431534,0.817476624250412,0.1371357589960098,0.138297751545906,0.2275155335664749,0.2405738979578018,0.2432371824979782,0.2449976354837417,0.2467350512742996,0.2481811791658401,0.2500810027122497,0.2528693675994873,0.2576872706413269,0.265438050031662,0.2786931693553924,0.2831166088581085,0.1549276113510131,0.0002099651610478,19
0.6398116261870773,0.8251976668834686,0.13712739944458,0.1372671574354171,0.1406084448099136,0.218566432595253,0.2432700097560882,0.247197151184082,0.2514171302318573,0.2559899985790252,0.2610953152179718,0.2668603658676147,0.2747995853424072,0.2854375541210174,0.3018096387386322,0.3015539050102234,0.2053983807563781,0.0014976584352552,20
0.6438637442058988,0.7779949128627777,0.1371272802352905,0.1375696510076522,0.1425534635782241,0.2358924001455307,0.2413041591644287,0.2464359104633331,0.2509622573852539,0.2560340166091919,0.2620080411434173,0.2694331109523773,0.2810199856758117,0.2986944615840912,0.3150278627872467,0.3083038926124573,0.1101375669240951,0.0,21
0.6290396805162783,0.7024633109569549,0.1372021734714508,0.1387558430433273,0.2312419414520263,0.248260036110878,0.2574859857559204,0.2639283835887909,0.2691253423690796,0.2744415998458862,0.2796933352947235,0.2859755456447601,0.291439801454544,0.2921793460845947,0.2839076817035675,0.2198818027973175,0.004728564992547,0.0,22
0.6482556131150987,0.8074788570404052,0.1371279954910278,0.1376962661743164,0.1453209817409515,0.2387562692165374,0.2428882420063018,0.2465832680463791,0.2499476969242096,0.2530613243579864,0.2572416067123413,0.2624099254608154,0.2697686851024627,0.2798708975315094,0.2839784026145935,0.2723893821239471,0.0981053337454795,0.0,23
0.6394184540819239,0.7616779983043671,0.1371534764766693,0.1393516063690185,0.2419903874397277,0.2500828802585602,0.2558777928352356,0.2607364356517792,0.2663482427597046,0.2724494040012359,0.2791211605072021,0.2861227691173553,0.294299840927124,0.3035514950752258,0.3118018805980682,0.3080441057682037,0.2261680364608764,0.0007290880894288,24
0.6471635765499539,0.9030650913715362,0.1371452212333679,0.1387077271938324,0.2249833345413208,0.2359994351863861,0.2381571829319,0.239177867770195,0.2401506751775741,0.2411516457796096,0.2423701286315918,0.2439871430397033,0.2465028911828994,0.2505495846271515,0.257953941822052,0.2711847722530365,0.2869892418384552,0.0938408970832824,25
0.6295654089362533,0.6744143187999725,0.1371395885944366,0.1384728997945785,0.2484598457813263,0.2688889801502228,0.2789393365383148,0.2854343950748443,0.2913926839828491,0.2976061701774597,0.3045101165771484,0.3108218610286712,0.3151143789291382,0.3132423460483551,0.3006559610366821,0.254885584115982,0.0837036147713661,0.0,26
0.6296658361399615,0.7350889384746552,0.1371430158615112,0.1388345211744308,0.2313299477100372,0.2450972348451614,0.2521738708019256,0.258915513753891,0.2676352560520172,0.2772281467914581,0.2856138050556183,0.2934367060661316,0.3012691140174866,0.3111913502216339,0.3233391940593719,0.3179028034210205,0.2285346388816833,0.0053407941013574,27
0.6266356993604589,0.6529169857501984,0.1371321231126785,0.1380175799131393,0.2400645464658737,0.279982715845108,0.3018119931221008,0.3185636401176452,0.3325964510440826,0.3445706963539123,0.3561761677265167,0.3681182861328125,0.3828091919422149,0.3961364030838012,0.4045324325561523,0.3719897866249084,0.1122956573963165,0.0,28
0.6220955340950577,0.7232768476009369,0.1371339559555053,0.1378571391105651,0.2334163337945938,0.2529453635215759,0.2620965242385864,0.2707967162132263,0.2781711220741272,0.2834990322589874,0.2882165312767029,0.2919699251651764,0.293320894241333,0.2927234470844269,0.287729948759079,0.2685048580169678,0.1675217449665069,0.0005772370495833,29
0.6293464435471429,0.6509158313274384,0.1371471881866455,0.1387434750795364,0.2484911531209945,0.275559663772583,0.2922496795654297,0.3027234673500061,0.3110657334327698,0.3175821304321289,0.3230443894863128,0.3295170664787292,0.3318206965923309,0.3221448361873626,0.2918010950088501,0.2006838023662567,0.049478854984045,0.0,30
0.6301270436357569,0.6287481904029846,0.1371360719203949,0.1380086541175842,0.2752337157726288,0.3188542127609253,0.3365230560302734,0.3508272171020508,0.3618729412555694,0.3716341555118561,0.3824171125888824,0.3938612341880798,0.4049738943576813,0.4122341275215149,0.407826691865921,0.3641322553157806,0.1528679579496383,0.0,31
0.6120722624990675,0.7098942220211029,0.1371342241764068,0.1376157104969024,0.2436129301786422,0.2644486129283905,0.2741508185863495,0.2804853916168213,0.2842344939708709,0.2871232032775879,0.2886863946914673,0.2886525690555572,0.2874781787395477,0.2845443785190582,0.2762337327003479,0.2620941698551178,0.1785854697227478,0.0009933437686413,32
0.6015941588966934,0.6193479061126709,0.1371602863073349,0.1976522207260131,0.2661890089511871,0.3004245162010193,0.3003484308719635,0.2930293083190918,0.2784029245376587,0.2588996291160583,0.2401991188526153,0.2195101976394653,0.1931796222925186,0.159271091222763,0.120458498597145,0.0692141726613044,0.0083833392709493,0.0,33
0.6225411693255106,0.6283202230930328,0.1371512860059738,0.139258861541748,0.2524271607398987,0.2937270402908325,0.3246773779392242,0.3399136066436767,0.353420615196228,0.3669090270996094,0.3834028542041778,0.4019003510475158,0.4218186736106872,0.4375356435775757,0.440766841173172,0.3800482153892517,0.1846475005149841,0.0,34
0.6128285770063047,0.6260829865932465,0.1371219009160995,0.1369587630033493,0.2470900863409042,0.3160304129123688,0.3282822072505951,0.3310794532299042,0.3398672938346863,0.3409655690193176,0.3347378671169281,0.3207288980484009,0.2908837497234344,0.2414344549179077,0.1706235855817794,0.0780854672193527,0.0062358439899981,0.0,35
0.6054392611538922,0.6306196033954621,0.1371445506811142,0.1384611278772354,0.2460816949605941,0.2900836765766144,0.3182002604007721,0.3363635838031769,0.3519268631935119,0.3647737205028534,0.3791632354259491,0.3942707479000091,0.4077318906784057,0.4186670780181885,0.413385272026062,0.3267654180526733,0.0801962614059448,0.0,36
0.609769931545964,0.6350271582603455,0.1371480971574783,0.1385348588228225,0.2590968012809753,0.2996362745761871,0.3168999254703522,0.3264472484588623,0.3317837119102478,0.3358766138553619,0.3383444249629974,0.3390886485576629,0.3357862532138824,0.3275586068630218,0.3089460730552673,0.2292870581150055,0.0297287087887525,0.0,37
0.5984310750608091,0.6853545367717743,0.1371480971574783,0.1381518989801406,0.2377724945545196,0.2552374005317688,0.2582041919231415,0.2567741870880127,0.2521345615386963,0.2463477849960327,0.2375384718179702,0.2254844903945922,0.2144346088171005,0.1998870372772216,0.171797439455986,0.1094386205077171,0.0107290688902139,0.0,38
0.613871055620688,0.6299077212810517,0.1371409147977829,0.138017937541008,0.2579178810119629,0.3156558871269226,0.3357764482498169,0.3471855223178863,0.355422168970108,0.3635423481464386,0.3706883192062378,0.3764672577381134,0.382374495267868,0.3862565755844116,0.372043639421463,0.290154218673706,0.0164813734591007,0.0,39
0.6133429893740902,0.6279073834419251,0.1371617019176483,0.1386599987745285,0.2620236277580261,0.2874469757080078,0.290132999420166,0.2866500914096832,0.2838290929794311,0.2724335193634033,0.2562263906002044,0.2337207049131393,0.2125803679227829,0.1804719567298889,0.1229919418692588,0.0519726015627384,0.0,0.0,40
0.6031250092718337,0.7754684746265411,0.1372721046209335,0.1385434865951538,0.2353145778179168,0.2498944401741027,0.2555245161056518,0.2598894834518432,0.2631875276565552,0.2666085958480835,0.2703242003917694,0.2744352519512176,0.280000239610672,0.2884362339973449,0.3016534149646759,0.3138036727905273,0.215998888015747,0.0001098876382457,41
0.6068165523034555,0.6908987939357758,0.1372725218534469,0.1454793363809585,0.2491241991519928,0.266491562128067,0.2761694192886352,0.2846557796001434,0.2916010022163391,0.2977575063705444,0.3033367693424225,0.3083664774894714,0.3156517744064331,0.3253458440303802,0.3353692889213562,0.3282726109027862,0.0449383184313774,0.0,42
0.6013374350689076,0.6086296737194061,0.1371655911207199,0.1386500895023346,0.268479436635971,0.3411574959754944,0.3904756307601928,0.407307893037796,0.4214482307434082,0.4289906919002533,0.430401086807251,0.4248470664024353,0.4124196171760559,0.3883083164691925,0.3457830846309662,0.2463386356830597,0.007032795343548,0.0,43
0.6009207699033949,0.6792045891284942,0.1373097598552703,0.139313206076622,0.2492072880268097,0.2783222794532776,0.2935048937797546,0.3015908598899841,0.3085517585277557,0.3147771656513214,0.3204299211502075,0.325275719165802,0.3321629464626312,0.3438742756843567,0.3596590161323547,0.3652446866035461,0.0843941271305084,0.0,44
0.6058017699806778,0.6213590323925018,0.1371885538101196,0.1386895179748535,0.2973168790340423,0.3223115503787994,0.2808632254600525,0.2551609575748443,0.2383785396814346,0.2186018228530883,0.1969943642616272,0.1738645136356353,0.1457594633102417,0.1083037108182907,0.0668182000517845,0.0303988885134458,0.0,0.0,45
0.6021215076799746,0.6770926594734192,0.137329414486885,0.139547049999237,0.256893515586853,0.2748211026191711,0.2827678322792053,0.2877717912197113,0.2913720607757568,0.2945289313793182,0.2961963713169098,0.2987435162067413,0.3012810349464416,0.3054112493991852,0.3074056804180145,0.2748648226261139,0.0145159419625997,0.0,46
0.603968256049686,0.6197959899902343,0.1372263729572296,0.1382214128971099,0.305350512266159,0.4038249552249908,0.4066905081272125,0.406997948884964,0.3914239108562469,0.37113818526268,0.3509627282619476,0.3252403736114502,0.2903956174850464,0.2369758933782577,0.1686091125011444,0.0750784873962402,0.0,0.0,47
0.5991072897557859,0.833071631193161,0.1374026834964752,0.2044610232114792,0.2387047260999679,0.2428458482027053,0.2451453953981399,0.2467540800571441,0.2482576668262481,0.2496394366025924,0.2512277960777282,0.2534023821353912,0.2564649581909179,0.260886549949646,0.2668425738811493,0.2747358679771423,0.1444136798381805,0.0,48
0.5868216201111123,0.6104276537895202,0.1372597813606262,0.1389563828706741,0.2786932289600372,0.3497917056083679,0.3750753700733185,0.3853216469287872,0.3933716714382171,0.4000039398670196,0.4066269993782043,0.4117962121963501,0.4073949158191681,0.3885470032691955,0.341730386018753,0.240683764219284,0.0025688668247312,0.0,49
0.5864032308260599,0.6693427801132202,0.1373372226953506,0.1394053995609283,0.2646999657154083,0.2879294753074646,0.2985228896141052,0.3064149618148803,0.3116204142570495,0.3163025379180908,0.320635050535202,0.32649827003479,0.3334755003452301,0.3400905728340149,0.3425750136375427,0.3360737562179565,0.0288960766047239,0.0,50
0.5996122007016782,0.6235253214836121,0.1371564120054245,0.1379824578762054,0.266441136598587,0.320945531129837,0.3337266445159912,0.3210973143577575,0.3022017776966095,0.2753555178642273,0.2410430163145065,0.2030749022960662,0.1679898798465728,0.1280819773674011,0.081537589430809,0.0325931906700134,0.0,0.0,51
0.5875711463115834,0.6523262560367584,0.1372507661581039,0.1374428868293762,0.2562748193740845,0.2896852493286133,0.2976045608520508,0.3017375767230987,0.3034357130527496,0.3042322099208832,0.3038679957389831,0.3048319518566131,0.3054784834384918,0.3039157390594482,0.3035566210746765,0.2832843661308288,0.0284241493791341,0.0,52
0.5937372048695883,0.6129713714122772,0.1372575163841247,0.1398389786481857,0.2702020704746246,0.3400106728076935,0.3590517044067383,0.368535578250885,0.3778032958507538,0.3858307301998138,0.3938811719417572,0.4014583826065063,0.4015649855136871,0.3902091383934021,0.3573457300662994,0.2771649360656738,0.0060870428569614,0.0,53
0.587887359990014,0.6759988725185394,0.1376683115959167,0.2208747863769531,0.2551099359989166,0.2689834237098694,0.277224987745285,0.2845866978168487,0.2929687201976776,0.3036121428012848,0.3145952224731445,0.3234461843967438,0.3298194408416748,0.3371974527835846,0.3468836843967438,0.3530109524726867,0.0638319924473762,0.0,54
0.5857425641130518,0.6082536816596985,0.1373705267906189,0.1394618600606918,0.2899577915668487,0.3652252852916717,0.3863445520401001,0.3991151452064514,0.4094602465629577,0.418163001537323,0.4273178577423095,0.4359762072563171,0.4407945573329925,0.4398214221000671,0.4233918786048889,0.3646723926067352,0.0146363014355301,0.0,55
0.5796272357304891,0.6066678822040558,0.1377980262041092,0.1331759691238403,0.3694930672645569,0.3968156576156616,0.3943536877632141,0.3840615749359131,0.3657734394073486,0.3449097871780395,0.3239401280879974,0.3032841384410858,0.2804738879203796,0.2467552870512008,0.1786483824253082,0.0721942484378814,0.0,0.0,56
0.5898087422053019,0.6267621099948884,0.1372408270835876,0.1386854648590088,0.2544786930084228,0.3209388554096222,0.3296169638633728,0.327099472284317,0.3211914002895355,0.3150032460689544,0.3047660887241363,0.2925819158554077,0.2752781212329864,0.2510654330253601,0.2078847140073776,0.1397351920604705,0.0006523155607283,0.0,57
0.5846236083242629,0.6618389666080475,0.1372228860855102,0.139494240283966,0.2715945541858673,0.2974577844142914,0.3053373396396637,0.3100222945213318,0.313250333070755,0.3161193430423736,0.3193307816982269,0.3220202624797821,0.3235746324062347,0.3244324922561645,0.3202210366725921,0.3042823672294616,0.0310559775680303,0.0,58
0.5842006581800955,0.6137820839881897,0.1373927295207977,0.1414447575807571,0.3083937168121338,0.342487096786499,0.3514126241207123,0.3588321805000305,0.3658138215541839,0.3719976544380188,0.3774154484272003,0.3812506198883056,0.383474051952362,0.3802120685577392,0.3652606606483459,0.3130913078784942,0.0057672271504998,0.0,59
0.5808767433519717,0.6766821801662445,0.1372864246368408,0.1396380811929702,0.2572109997272491,0.2916089594364166,0.3036333620548248,0.3107815980911255,0.3171158730983734,0.3227127492427826,0.3275064527988434,0.3319505751132965,0.3361548483371734,0.340442419052124,0.3452013731002807,0.3391366600990295,0.0163783319294452,0.0,60
0.5751327364533035,0.6779264152050019,0.1374862641096115,0.1409593820571899,0.2789932489395141,0.2977947294712066,0.3054917454719543,0.3116253912448883,0.3162782192230224,0.3206080198287964,0.3249976933002472,0.3282279372215271,0.3311224579811096,0.3325719237327575,0.3340614736080169,0.3260918855667114,0.0441663525998592,0.0,61
0.5745133580984892,0.6490544438362121,0.1375896781682968,0.142405554652214,0.2884663343429565,0.3104021549224853,0.3169325590133667,0.3216786086559295,0.3249635994434356,0.3295671045780182,0.3341959416866302,0.338219940662384,0.3405804336071014,0.3438012897968292,0.3439994156360626,0.3418986201286316,0.0546005517244339,0.0,62
0.5669370823436313,0.6207473814487457,0.1386086344718933,0.1244684681296348,0.3208894431591034,0.3186732530593872,0.3137694001197815,0.308738499879837,0.3032915592193603,0.2976225018501282,0.2909842431545257,0.2832404375076294,0.2740277945995331,0.2595106661319732,0.2344665676355362,0.1820111125707626,0.0004164914425928,0.0,63
0.5898178087340461,0.6192418515682221,0.138118028640747,0.1348811686038971,0.3017545938491821,0.334342360496521,0.3394301831722259,0.3414240479469299,0.34269979596138,0.3427470028400421,0.3416832983493805,0.3384458124637604,0.3316581845283508,0.3176099359989166,0.295041561126709,0.2460644990205764,0.0065349186770617,0.0,64
0.5726207870024221,0.642370080947876,0.1376462131738662,0.1434251815080642,0.2941183149814605,0.3150738477706909,0.3255176544189453,0.3332545757293701,0.3396208584308624,0.3454472720623016,0.3510047197341919,0.3556777536869049,0.3601294457912445,0.3649381101131439,0.3723642826080322,0.3764296770095825,0.0269119162112474,0.0,65
0.5785649595437227,0.6059635818004608,0.1380526721477508,0.1251572966575622,0.3361625969409942,0.3794542849063873,0.3897889852523803,0.3940176665782928,0.3953956365585327,0.3940329551696777,0.3924500942230224,0.389470487833023,0.3834205567836761,0.3700670897960663,0.3367388248443603,0.2492211461067199,0.0024270841386169,0.0,66
0.5701091664808767,0.6312428891658783,0.1375355124473571,0.1415209025144577,0.2944678962230682,0.3378807604312897,0.3555054664611816,0.365066260099411,0.3728594481945038,0.380475789308548,0.3875021636486053,0.3940868377685547,0.4015879929065704,0.4116435050964355,0.4222455322742462,0.4292214810848236,0.0545483715832233,0.0,67
0.5700899914458946,0.6095682919025421,0.1389695852994918,0.1416423022747039,0.3449760377407074,0.3906912505626678,0.3887446820735931,0.3831154704093933,0.3751817941665649,0.3663780093193054,0.3570708632469177,0.3441627919673919,0.3261133432388305,0.3016083240509033,0.2591384351253509,0.1886534243822097,0.0002977055555675,0.0,68
0.5669274771655047,0.6017847776412963,0.1379237920045852,0.1440231502056121,0.3403274118900299,0.3925064206123352,0.4099504649639129,0.4224994778633117,0.431906133890152,0.4403465390205383,0.4484327137470245,0.456646054983139,0.4659027457237243,0.4754175543785095,0.4846163392066955,0.4760947823524475,0.0310798063874244,0.0,69
0.5813484567183035,0.5919297814369202,0.141068547964096,0.1445615887641906,0.3749053478240967,0.4529204666614532,0.4652666449546814,0.466763436794281,0.4634310901165008,0.4576915800571441,0.4474992454051971,0.4343873262405395,0.4154183566570282,0.3876059651374817,0.3438984155654907,0.2540134191513061,0.0088962642475962,0.0,70
0.5816392192134151,0.6074200093746185,0.1379767209291458,0.1424192190170288,0.3213438391685486,0.3748199939727783,0.3920792043209076,0.4022638499736786,0.4099441468715668,0.4160839319229126,0.4222593009471893,0.4280082583427429,0.4337288439273834,0.4421241879463196,0.4494632184505462,0.4404171407222748,0.0171427689492702,0.0,71
0.57991420339655,0.7220200777053833,0.1380783021450042,0.1428049206733703,0.265470802783966,0.2761299312114715,0.2824850678443908,0.2872942090034485,0.2914670705795288,0.2955082654953003,0.2997996807098388,0.3047575950622558,0.3114254474639892,0.3202921450138092,0.333049327135086,0.356305867433548,0.0480628199875354,0.0,72
0.5783340136210123,0.6025501608848571,0.1387025713920593,0.1421589404344558,0.3382557928562164,0.3927010893821716,0.4092908799648285,0.4144011437892914,0.4178011417388916,0.4195925891399383,0.4206718802452087,0.4184799790382385,0.4111227095127105,0.3970649540424347,0.3642933666706085,0.2768229246139526,0.0032651170622557,0.0,73
0.5678227852891993,0.612945169210434,0.138372391462326,0.1568137854337692,0.3215787410736084,0.3501748740673065,0.3607635498046875,0.3685721755027771,0.3757648468017578,0.382031112909317,0.388027161359787,0.3945391178131103,0.4030965864658355,0.4141389429569244,0.4280983209609985,0.4013753533363342,0.0047460594214499,0.0,74
0.573248709793444,0.6115789085626602,0.1383338570594787,0.1474759727716446,0.3272261917591095,0.3532865941524505,0.3661226034164428,0.3751505613327026,0.382535308599472,0.3889369368553161,0.3955805599689483,0.402995616197586,0.4109541177749634,0.4203566908836365,0.4330117106437683,0.4354406595230102,0.0373496040701866,0.0,75
0.5790876790329262,0.6183622181415558,0.1382110565900802,0.1430137008428573,0.2995034456253052,0.3374433219432831,0.3509162962436676,0.3618005812168121,0.3688405156135559,0.3746109008789062,0.3794051706790924,0.3849418461322784,0.3909510374069214,0.3979223668575287,0.4017890393733978,0.3591571450233459,0.0111107910051941,0.0,76
0.573239803314209,0.5832817554473877,0.1448034346103668,0.2081270068883896,0.3375563621520996,0.3874262869358063,0.4041497707366943,0.4132208824157715,0.4200793802738189,0.425478845834732,0.430482804775238,0.4348911046981811,0.4368168711662292,0.4315143227577209,0.4052728712558746,0.2204044163227081,0.0008216222049668,0.0,77
0.5618651972876655,0.7097539484500885,0.194868803024292,0.2103635370731353,0.2478953599929809,0.2611768245697021,0.2685406804084778,0.2739956378936767,0.2788199782371521,0.2836902737617492,0.289120078086853,0.2953815460205078,0.3035058379173279,0.3153977990150451,0.3376869261264801,0.366346150636673,0.0093549797311425,0.0,78
0.5723309406527767,0.573154217004776,0.1900241672992706,0.2013287991285324,0.3113779425621032,0.4073068499565124,0.4411866664886474,0.4535888135433197,0.4595545828342438,0.462306410074234,0.4640507996082306,0.4644244313240051,0.4626527726650238,0.4538503289222717,0.4220038652420044,0.1264526844024658,0.0007804733468219,0.0,79
0.5634732323664206,0.6709308087825775,0.1860902458429336,0.2048642188310623,0.2598665952682495,0.2879690527915954,0.2992624342441559,0.3058100044727325,0.3110255599021911,0.3157188892364502,0.3203349113464355,0.325362354516983,0.3312859535217285,0.339983195066452,0.3528786599636078,0.3665802776813507,0.0145172793418169,0.0,80
0.5735199716356065,0.7867453694343567,0.1864029914140701,0.2006831616163253,0.2346487194299698,0.2441222816705703,0.2477996498346328,0.2508686780929565,0.2532985210418701,0.2556208074092865,0.2581007480621338,0.2610332667827606,0.264996737241745,0.2713126242160797,0.2838216722011566,0.3344678580760956,0.0633170306682586,0.0,81
0.5701500685126694,0.6055411338806153,0.1930105835199356,0.2062338143587112,0.2545646131038666,0.3081239461898803,0.3338076472282409,0.348191887140274,0.3571601510047912,0.3642961382865906,0.3698488473892212,0.3751160502433777,0.3813755214214325,0.3896625339984894,0.4019592106342315,0.2920685410499573,0.0083574699237942,0.0,82
0.5598383016056485,0.6426391005516052,0.1936508566141128,0.2059099972248077,0.2501220107078552,0.2876652777194977,0.3003787398338318,0.3092041015625,0.3150366544723511,0.3205219209194183,0.3257779479026794,0.3308459818363189,0.3367745280265808,0.3454312086105346,0.3561201691627502,0.2390533089637756,0.005456552375108,0.0,83
0.5703539627569693,0.650880241394043,0.1932183504104614,0.2041331380605697,0.2487455159425735,0.2771760821342468,0.2921794056892395,0.3030827939510345,0.3111457824707031,0.3181973397731781,0.3256410360336303,0.3344878852367401,0.345456451177597,0.3630990087985992,0.3992642164230346,0.3726001977920532,0.0150664523243904,0.0,84
0.5707833126739219,0.6780427694320679,0.1901433020830154,0.201305016875267,0.2391175925731659,0.2610906064510345,0.279869794845581,0.28890061378479,0.2952494323253631,0.3008342385292053,0.3064928650856018,0.3126451969146728,0.3196325898170471,0.3284397721290588,0.3430284857749939,0.285891979932785,0.0078642191365361,0.0,85
0.5796326100826263,0.6783234059810639,0.1877558827400207,0.2000466734170913,0.2410892695188522,0.2668904662132263,0.277809590101242,0.2864437997341156,0.2933095097541809,0.29962158203125,0.30618816614151,0.3134440183639526,0.32329061627388,0.3429973721504211,0.3835152685642242,0.3669386208057403,0.0100565375760197,0.0,86
0.5737219187948439,0.7397995531558991,0.1937527656555175,0.2018230557441711,0.2263741195201873,0.2399393618106842,0.2459784001111984,0.2509527206420898,0.2557258903980255,0.2606534957885742,0.2658771574497223,0.2725679874420166,0.2816599011421203,0.2968436181545257,0.328700453042984,0.3509597182273865,0.0070667956024408,0.0,87
0.5865901487844961,0.7279726922512054,0.1950699537992477,0.2036817669868469,0.2247552424669265,0.2394895702600479,0.2464082241058349,0.2512479722499847,0.2554691433906555,0.2596200704574585,0.2641714215278625,0.2696585655212402,0.2776541411876678,0.294852614402771,0.3398752808570862,0.3129889369010925,7.116264896467328e-05,0.0,88
0.5701034598880343,0.717349511384964,0.1989317387342453,0.208766222000122,0.2367524057626724,0.2480830550193786,0.2531666457653045,0.2572121918201446,0.2606579065322876,0.2639675438404083,0.2676080167293548,0.2721655368804931,0.2785422205924988,0.2939493060111999,0.3333487510681152,0.3320523202419281,0.0010369250085204,0.0,89
0.5669988018495066,0.6105191588401795,0.1934499889612198,0.2038624286651611,0.241517499089241,0.2883327603340149,0.3088723123073578,0.3246078193187713,0.3374721109867096,0.349092572927475,0.3613745272159576,0.3757635951042175,0.3947194814682007,0.4261170923709869,0.4503874480724334,0.3000898957252502,0.0005904948920942,0.0,90
0.5707492121943721,0.6541525602340699,0.1941615343093872,0.2128029018640518,0.2516308724880218,0.2721516489982605,0.2823120355606079,0.2905567288398742,0.2975068092346191,0.3043923676013946,0.3119470179080963,0.3215010166168213,0.336645096540451,0.3763529062271118,0.434240460395813,0.3239664137363434,0.0,0.0,91
0.5734551703488385,0.599194449186325,0.1978824287652969,0.2101953625679016,0.2538439333438873,0.2978382408618927,0.3175765573978424,0.3301074504852295,0.3394457399845123,0.347205102443695,0.3546656966209411,0.3623534142971039,0.3712450265884399,0.3800203204154968,0.3383193612098694,0.1660509705543518,1.8718731098488208e-06,0.0,92
0.574958328847532,0.647708636522293,0.1989224851131439,0.2102275192737579,0.2425175756216049,0.2644985616207123,0.2764546275138855,0.2856104075908661,0.2934072613716125,0.3006988167762756,0.3081192076206207,0.3168627023696899,0.3292138874530792,0.3516586124897003,0.3551415503025055,0.2061203271150589,0.0,0.0,93
0.5601205218721319,0.5599110871553421,0.2034017294645309,0.2226014286279678,0.2761316001415252,0.3232401907444,0.3556856513023376,0.377530425786972,0.3915542662143707,0.4019750356674194,0.4110458791255951,0.4208299517631531,0.4312898218631744,0.4372509121894836,0.3227421045303345,0.0659269168972969,0.0,0.0,94
0.5732735903174789,0.6117704391479493,0.1969118863344192,0.209018588066101,0.2479180097579956,0.2849614024162292,0.3011385202407837,0.3134519159793854,0.32395800948143,0.3340678215026855,0.3441165685653686,0.3563558459281921,0.3749225437641144,0.4045830368995666,0.3950446844100952,0.2303826510906219,0.0,0.0,95
0.5681399206320444,0.6898042500019074,0.2007688134908676,0.2079022079706192,0.2263664454221725,0.2411084473133087,0.249730497598648,0.2567279636859894,0.2625101506710052,0.2679245471954345,0.2733509540557861,0.2801869511604309,0.2901357114315033,0.3236126899719238,0.3450141549110412,0.2505315542221069,0.0,0.0,96
0.5611848720797786,0.6595600962638855,0.2014287412166595,0.2087738960981369,0.2298421412706375,0.2538073062896728,0.2661409676074981,0.2756978273391723,0.2834227979183197,0.2905945181846618,0.2982528209686279,0.3072167932987213,0.3190948069095611,0.3460933864116668,0.3668794333934784,0.2439040392637252,0.0,0.0,97
0.5675196360658716,0.6336171388626098,0.2060619741678238,0.2180216461420059,0.2446904182434082,0.2647076249122619,0.2758134603500366,0.2841278314590454,0.2911821603775024,0.2984983623027801,0.3062919378280639,0.3150703907012939,0.3278798460960388,0.3543353676795959,0.3396310806274414,0.166437491774559,0.0,0.0,98
0.5720804135004679,0.5809740781784057,0.2066043466329574,0.217396542429924,0.2673526406288147,0.3018119633197784,0.3157689571380615,0.3244361281394958,0.3306373059749603,0.3361206352710724,0.3415536880493164,0.3467357158660888,0.3494209349155426,0.3187492787837982,0.2175641655921936,0.0771403834223747,0.0,0.0,99
0.5764003153200503,0.6566063046455384,0.2078419327735901,0.2227426469326019,0.2471540719270706,0.260142058134079,0.2678252756595611,0.274034321308136,0.2796511650085449,0.2854543030261993,0.2918033003807068,0.2989081144332886,0.3091673254966736,0.3339791297912597,0.3439860343933105,0.2543308734893799,0.0,0.0,100
0.5709009589972319,0.6007161200046539,0.2043234854936599,0.2143369317054748,0.2502384185791015,0.293106734752655,0.3094332814216614,0.3192991614341736,0.3273904621601105,0.3349427878856659,0.3426994979381561,0.351104199886322,0.3629552125930786,0.3829570710659027,0.3701250553131103,0.2091553658246994,0.0,0.0,101
0.5730641064820466,0.5615990281105041,0.2068345695734024,0.2251791357994079,0.2784650325775146,0.319808155298233,0.3413161635398865,0.3554419279098511,0.3674237728118896,0.3799576461315155,0.3919805884361267,0.4046222269535064,0.4186988472938537,0.4299996793270111,0.3709274530410766,0.0436284989118576,0.0,0.0,102
0.5683553274031039,0.5326372027397156,0.2098606675863266,0.2310732901096344,0.3058010637760162,0.3825626969337463,0.411317378282547,0.4262375235557556,0.4363951981067657,0.4450908005237579,0.4526744484901428,0.4576913714408874,0.4562447667121887,0.4276305437088012,0.3047939538955688,0.049551386386156,0.0,0.0,103
0.5662416837833546,0.5566234409809112,0.2017285972833633,0.222880482673645,0.2834178209304809,0.3793286979198456,0.4182202816009521,0.4326798319816589,0.4430137276649475,0.4507083296775818,0.4548593163490295,0.4553678929805755,0.4467654824256897,0.386635273694992,0.252352237701416,0.0374894924461841,0.0,0.0,104
0.5741115035834136,0.5623580038547515,0.208965316414833,0.2267124056816101,0.2780002355575561,0.319377452135086,0.3376748263835907,0.348052054643631,0.3562681972980499,0.363707959651947,0.3718458712100982,0.3795941472053528,0.3868473172187805,0.3850404024124145,0.2902984917163849,0.0274699684232473,0.0,0.0,105
0.5691478075804534,0.5561066716909409,0.2068689465522766,0.2193191945552826,0.2764695584774017,0.3334199488162994,0.3541480898857116,0.3647936880588531,0.3722899556159973,0.3786817789077759,0.3848499059677124,0.3881736695766449,0.3839088678359985,0.3269467353820801,0.189090296626091,0.0085230963304638,0.0,0.0,106
0.5753172834714254,0.6328178703784942,0.2065725773572921,0.2181893289089203,0.2418683618307113,0.259317398071289,0.2747106552124023,0.2840688228607178,0.2919892072677612,0.299473226070404,0.3073982894420624,0.3171750605106354,0.3323907852172851,0.3694711923599243,0.3808496594429016,0.0530544035136699,0.0,0.0,107
0.5712453458044264,0.5940768510103226,0.2102762162685394,0.222336545586586,0.2700681090354919,0.297250747680664,0.3068103790283203,0.3140606582164764,0.3211624026298523,0.3279856443405151,0.3350831866264343,0.3418418169021606,0.3498052358627319,0.3604122400283813,0.3579310178756714,0.2864361405372619,0.0042979610152542,0.0,108
0.5612099005116357,0.5844384551048278,0.2121794819831848,0.2242325991392135,0.2623272836208343,0.2897056341171264,0.3011616468429565,0.3100594580173492,0.3185329437255859,0.3276488482952118,0.3365496098995209,0.3453884720802307,0.3579806089401245,0.3631584048271179,0.2646328508853912,0.0222970731556415,0.0,0.0,109
0.5599343379338583,0.5874735414981842,0.212245225906372,0.2297509461641311,0.2711308598518371,0.2945048213005066,0.3049589097499847,0.3125107884407043,0.3193469941616058,0.3266250193119049,0.333484023809433,0.3404158353805542,0.3474619090557098,0.3450306355953216,0.2903455793857574,0.0675225555896759,0.0,0.0,110
0.5637798794993648,0.6875616252422333,0.2083671540021896,0.2170343995094299,0.2355964928865432,0.2456034421920776,0.2526156604290008,0.2569931745529175,0.2613591849803924,0.2658478617668152,0.2705632150173187,0.2760451734066009,0.283735454082489,0.3052142262458801,0.3450329899787903,0.1029085516929626,0.0,0.0,111
0.5653093854586283,0.64567711353302,0.2054306864738464,0.2231847494840622,0.2479306608438491,0.2680936753749847,0.2774578928947449,0.2843846976757049,0.290687620639801,0.2973687648773193,0.304036408662796,0.3117940127849579,0.3221491873264313,0.3464430868625641,0.3758995831012726,0.1309351921081543,0.0,0.0,112
0.561252337914926,0.5753563791513443,0.2139827907085418,0.232444629073143,0.2780371010303497,0.308450847864151,0.3195788562297821,0.3275421261787414,0.334468126296997,0.3408911526203155,0.3469269871711731,0.3526231348514557,0.359519213438034,0.3692255914211273,0.3575607538223266,0.1535630822181701,0.0,0.0,113
0.5611115914803965,0.6270274817943573,0.2085354626178741,0.2216151058673858,0.247048407793045,0.2730871140956878,0.2853772938251495,0.2929500937461853,0.2996816337108612,0.3061746954917907,0.3132804930210113,0.3219457268714905,0.333571046590805,0.3454742133617401,0.3550556004047394,0.2554153203964233,0.0006336240330711,0.0,114
0.5530981289015876,0.5747959733009338,0.2150132209062576,0.2475461661815643,0.3055824339389801,0.3217527270317077,0.3303076922893524,0.3382171988487243,0.3455435335636139,0.3530782461166382,0.361989825963974,0.372227132320404,0.3860582113265991,0.4065194725990295,0.4136816263198852,0.1732319593429565,0.0,0.0,115
0.5631526664451316,0.5587700933218003,0.2151145786046981,0.2433501929044723,0.3077777922153473,0.3331533372402191,0.3435005247592926,0.352142184972763,0.36061692237854,0.3689278662204742,0.377121239900589,0.3861437439918518,0.3961217701435089,0.4024903178215027,0.3684380650520324,0.1270440369844436,0.0,0.0,116
0.5689830150869157,0.6001182049512863,0.2153807878494262,0.2315374612808227,0.2712630033493042,0.2906884253025055,0.2982804179191589,0.30401611328125,0.3094343543052673,0.3146456778049469,0.3197554349899292,0.3260716795921325,0.3348526060581207,0.3515031039714813,0.3646977841854095,0.2295944541692733,0.0002611317904666,0.0,117
0.5635820980425235,0.5776898115873337,0.2143792361021042,0.231230080127716,0.2756045460700989,0.3049292266368866,0.3158344030380249,0.3249676525592804,0.3338373005390167,0.343199223279953,0.3537341654300689,0.3660187423229217,0.38184255361557,0.4012219607830047,0.4169445037841797,0.2723842263221741,0.0050287973135709,0.0,118
0.5667571800726431,0.5599629521369934,0.214732363820076,0.2476061731576919,0.3171711266040802,0.3370222747325897,0.3457042872905731,0.3535990417003631,0.3604650795459747,0.3674170076847076,0.3752180635929107,0.3828552961349487,0.391072154045105,0.3890108168125152,0.3352822065353393,0.1134367287158966,0.0,0.0,119
0.5525715549786886,0.5838076442480087,0.2124853581190109,0.2466854602098465,0.302102267742157,0.3167082667350769,0.3240356147289276,0.3307048380374908,0.3360646367073059,0.3412045240402221,0.3465627133846283,0.3522713780403137,0.3587806820869446,0.3656310439109802,0.3603067994117737,0.2190324813127517,0.0004866701492574,0.0,120
0.5610494746102227,0.5565072894096375,0.2063652873039245,0.2285706251859665,0.3198288381099701,0.3718600869178772,0.3843847513198852,0.3950248956680298,0.4040175676345825,0.4123321175575256,0.419605404138565,0.4254040122032165,0.4307228326797485,0.4312624037265777,0.3977725207805633,0.1525728851556778,3.932773324777372e-05,0.0,121
0.552502139850899,0.5709231346845627,0.2095512002706527,0.2303272634744644,0.3056083917617798,0.3332699835300445,0.342186689376831,0.3501346707344055,0.3579038977622986,0.3649708032608032,0.3702604472637176,0.3758693933486938,0.3803793787956238,0.3789445459842682,0.2803267240524292,0.0269984453916549,0.0,0.0,122
0.5612937830112599,0.623990124464035,0.2146350592374801,0.2324265092611313,0.267147421836853,0.2849231958389282,0.2903250753879547,0.2950156629085541,0.3001799285411834,0.3053893148899078,0.3108851015567779,0.317413181066513,0.3261277377605438,0.3375740647315979,0.3466849029064178,0.2413815557956695,0.002866025082767,0.0,123
0.5554268139379995,0.6122752666473389,0.2142751961946487,0.242639884352684,0.2806357145309448,0.2914966344833374,0.2975192368030548,0.3034192025661468,0.3097690939903259,0.3163235783576965,0.3227633237838745,0.3297487795352936,0.3374448716640472,0.3451841175556183,0.3206652104854584,0.1444669365882873,0.0006813304498791,0.0,124
0.5577219812958328,0.552756154537201,0.2147645652294159,0.257351279258728,0.3262679576873779,0.3654743432998657,0.3772827386856079,0.3870861828327179,0.3954916894435882,0.4025102853775024,0.4078622460365295,0.4126046299934387,0.4173828363418579,0.4198711514472961,0.3976888358592987,0.2493355572223663,0.028454840183258,0.0,125
0.5585596760114034,0.5654767990112305,0.2169163078069687,0.2339807003736496,0.2957156300544739,0.3384703695774078,0.3496730327606201,0.3582525849342346,0.3651735484600067,0.371132880449295,0.3765304386615753,0.3812553882598877,0.3831500113010406,0.3797639012336731,0.3356577754020691,0.1733044385910034,0.0054577738046646,0.0,126
0.5634443870297184,0.588213574886322,0.2154477536678314,0.2306386828422546,0.2758289575576782,0.3086251616477966,0.321714848279953,0.3318529725074768,0.3420109152793884,0.350605696439743,0.3579720258712768,0.3656062185764313,0.3739293813705444,0.3795910477638244,0.3769251704216003,0.2560326755046844,0.0099722882732748,0.0,127
0.5556993175435949,0.5760456472635269,0.2181983739137649,0.2547736167907715,0.3165765702724457,0.3372766375541687,0.3477731645107269,0.3558367192745209,0.363345205783844,0.3706291317939758,0.3766677975654602,0.3823410868644714,0.3888424336910248,0.3973875045776367,0.4013281762599945,0.3137323558330536,0.0310415383428335,0.0,128
0.5522279342015585,0.5603921741247178,0.2210443466901779,0.2711626887321472,0.3237493634223938,0.3433791697025299,0.3509097099304199,0.3569582998752594,0.3624273538589477,0.3668983280658722,0.3714009523391723,0.3753010034561157,0.377968817949295,0.3751354515552521,0.3284579813480377,0.0858338922262191,4.96274369652383e-05,0.0,129
0.5605239537027147,0.6757773041725159,0.2096143364906311,0.2250347882509231,0.2522073686122894,0.2694368958473205,0.2781654000282287,0.2845219671726227,0.2902102172374725,0.2957628965377807,0.3015506863594055,0.3078263700008392,0.315110296010971,0.3251507580280304,0.3384056687355041,0.3260319828987121,0.0974100977182388,0.0,130
0.5583097029615331,0.5817412436008453,0.2210577428340912,0.2524068057537079,0.289703369140625,0.3127505481243133,0.3208554685115814,0.3285953104496002,0.3361636102199554,0.344008207321167,0.3512881398200989,0.3571861386299133,0.3596950769424438,0.3487025499343872,0.2717126607894897,0.1113956794142723,0.0004614767385646,0.0,131
0.5493542132554231,0.5848615646362305,0.2192581892013549,0.2365637868642807,0.279047816991806,0.3124665021896362,0.3242213129997253,0.3330015242099762,0.3397876620292663,0.3464154601097107,0.3518072664737701,0.3566500246524811,0.3601872324943542,0.3472424447536468,0.2410908043384552,0.0506257489323616,0.0010095636826008,0.0,132
0.5562392837471433,0.5652982950210571,0.2211103439331054,0.262837290763855,0.3228013217449188,0.35069140791893,0.3620106875896454,0.3723570108413696,0.3816500008106231,0.3887771964073181,0.3954679369926452,0.4005492031574249,0.4030919671058655,0.3943448662757873,0.3030820190906524,0.0978503972291946,0.00935875531286,0.0,133
0.5553544583144011,0.5638332068920135,0.229675754904747,0.2658696472644806,0.3381728529930115,0.3795221745967865,0.380783200263977,0.3783843517303467,0.3740904033184051,0.3664416074752807,0.3536101877689361,0.3335699737071991,0.2870572805404663,0.2129892706871032,0.0630507171154022,0.0029857233166694,0.0,0.0,134
0.5612645855656376,0.5549584478139877,0.2264481484889984,0.2739067375659942,0.3237833082675934,0.3667576014995575,0.3832953870296478,0.392947256565094,0.4011953473091125,0.4081496596336365,0.414041519165039,0.4186222553253174,0.420331060886383,0.4107512533664703,0.342425525188446,0.1572439968585968,0.0167253427207469,0.0,135
0.5547649926609464,0.6424281179904938,0.2190645486116409,0.2327451109886169,0.2603909969329834,0.2774421572685241,0.2849204242229461,0.2913420796394348,0.2980650961399078,0.3049437999725342,0.3123154938220978,0.3202392160892486,0.3285691738128662,0.3324680030345917,0.2835698127746582,0.1644772291183471,0.0674530416727066,0.0,136
0.5546403008478659,0.6747742533683777,0.2233002185821533,0.2417017817497253,0.2616149187088012,0.271001785993576,0.2753357887268066,0.2791762948036194,0.2831509709358215,0.2871063947677612,0.2915493249893188,0.2968707680702209,0.3026676177978515,0.3100185394287109,0.3006529510021209,0.2334283590316772,0.0840730741620063,0.0,137
0.5582435086921409,0.5657735228538513,0.2209728360176086,0.2543478608131408,0.3243516683578491,0.3631095886230469,0.3750995695590973,0.380478173494339,0.3835436701774597,0.3859320282936096,0.3888522982597351,0.3910489976406097,0.391010969877243,0.3799183666706085,0.2993264496326446,0.0909517332911491,0.0091758053749799,0.0,138
0.55624787012736,0.5603089809417725,0.2260695844888687,0.2710798978805542,0.3376440405845642,0.3631042540073395,0.3730603754520416,0.3813077509403229,0.3874147236347198,0.3903085589408874,0.3921811878681183,0.3897820711135864,0.3792431950569153,0.3332476019859314,0.1640475243330001,0.0360737219452858,0.0012278825743123,0.0,139
0.5501296895521658,0.6124926149845124,0.2162585854530334,0.2472618669271469,0.2846769988536834,0.3047776520252228,0.3142057061195373,0.3210026025772095,0.3271021544933319,0.3332435488700866,0.3398177921772003,0.3454188406467438,0.3480445444583893,0.3338443636894226,0.240189641714096,0.0834589451551437,0.0161812976002693,0.0,140
0.5548373825020261,0.6025062322616577,0.2188239842653274,0.2558114230632782,0.2970772683620453,0.3199966251850128,0.3269320130348205,0.3299092948436737,0.3314528167247772,0.3318106532096863,0.3335782289505005,0.3345856666564941,0.3312914967536926,0.3077217042446136,0.2214568704366684,0.0991571247577667,0.0278442706912755,0.0,141
0.5546313458018832,0.5955613285303116,0.219643622636795,0.2549489140510559,0.3001013398170471,0.3205272555351257,0.3303733468055725,0.3379923105239868,0.3438564240932464,0.3482685387134552,0.3515333831310272,0.3540428280830383,0.3531079292297363,0.3246369361877441,0.1909665018320083,0.0186277162283658,0.0,0.0,142
0.5541802247365316,0.5961729854345321,0.2223509401082992,0.2468314915895462,0.2860349714756012,0.3097077906131744,0.3199999928474426,0.327130377292633,0.3327747881412506,0.3377655744552612,0.3417032659053802,0.3446737229824066,0.3411783874034881,0.3115921914577484,0.1681175678968429,0.0372630804777145,0.0012627197429537,0.0,143
0.55032593342993,0.6070269346237183,0.2258384525775909,0.2539630830287933,0.289253830909729,0.3043282032012939,0.3123085796833038,0.3190410435199737,0.3254537880420685,0.3314867317676544,0.3382364511489868,0.3451480865478515,0.3420560956001282,0.3030034601688385,0.1990220844745636,0.0948974788188934,0.0241122655570507,0.0,144
0.5532157597718416,0.5872660756111145,0.221337080001831,0.2614467740058899,0.3166982233524322,0.3358267843723297,0.3471854925155639,0.3546957969665527,0.3609212338924408,0.3661747574806213,0.3712877333164215,0.3761945962905884,0.3806442618370056,0.3688659965991974,0.2844716906547546,0.0590097345411777,0.0,0.0,145
0.5526394270084523,0.5753306150436401,0.1453163623809814,0.2868251502513885,0.3477455377578735,0.3670971691608429,0.3785963058471679,0.3884114325046539,0.3978263735771179,0.405511200428009,0.4111183285713196,0.4165557324886322,0.4180735349655151,0.3964254856109619,0.2947894334793091,0.1022253111004829,0.0190301984548568,0.0,146
0.5535378345736751,0.5895812273025512,0.2167702168226242,0.241724357008934,0.3070960640907287,0.3346231281757355,0.3473584353923797,0.3573559820652008,0.3662677705287933,0.374136358499527,0.3815869390964508,0.3889165222644806,0.3887147903442383,0.3582267463207245,0.2194864302873611,0.0254794154316186,0.0007732831872999,0.0,147
0.5615106732757004,0.5812886565923691,0.2179551422595977,0.2497597783803939,0.3132994472980499,0.3422867655754089,0.3564223051071167,0.3668169975280761,0.3759102523326874,0.3846336007118225,0.3898639976978302,0.3931116163730621,0.3812286555767059,0.3319712877273559,0.1681388765573501,0.0211237240582704,0.0,0.0,148
0.5518050149635032,0.5813833564519882,0.2205548286437988,0.2539495527744293,0.3146226108074188,0.3406795561313629,0.3521129190921783,0.3608551025390625,0.3682554364204407,0.3745850324630737,0.380635917186737,0.3861353397369385,0.3859516978263855,0.364696592092514,0.274667352437973,0.1343762427568435,0.027940284460783,0.0,149
0.5627251201205783,0.6365244030952454,0.1447566747665405,0.2343513220548629,0.2725410461425781,0.2926813066005707,0.3029344081878662,0.3115557134151459,0.3194676637649536,0.3265695869922638,0.333860844373703,0.3413654863834381,0.3430343866348266,0.3048648536205292,0.1989400684833526,0.0525178797543048,0.0007446798845194,0.0,150
0.5653031843679922,0.6016393780708313,0.1348985731601715,0.23358872532844543,0.3276374936103821,0.3622063398361206,0.3681510090827942,0.3699344992637634,0.36880508065223694,0.3645288348197937,0.354659765958786,0.32805219292640686,0.28364524245262146,0.19255730509757996,0.10438360273838043,0.04398426041007042,0.00029395733145065606,0.0,151
