epoch,lr,loss_train,loss_val,fbeta_0.20,fbeta_0.25,fbeta_0.30,fbeta_0.35,fbeta_0.40,fbeta_0.45,fbeta_0.50,fbeta_0.55,fbeta_0.60,fbeta_0.65,fbeta_0.70,fbeta_0.75,fbeta_0.80,fbeta_0.85,fbeta_0.90,fbeta_0.95
1,3.0000000000000004e-07,0.7339371791252723,0.6952100905279318,0.1332332640886306,0.1332435011863708,0.138664573431015,0.1575828492641449,0.186945766210556,0.2023841440677642,0.1747180372476577,0.1025042831897735,0.051977053284645,0.0395494699478149,0.0104115568101406,0.0001060505237546,3.7409809010569006e-06,0.0,0.0,0.0
2,3.27e-06,0.7254003047943115,0.6543782191971937,0.1378228217363357,0.1868181079626083,0.2172898650169372,0.2258252054452896,0.232824832201004,0.241293802857399,0.2481652349233627,0.2184042483568191,0.1411686390638351,0.0709763169288635,0.0354525037109851,0.0172382574528455,0.0073980768211185,0.0010704830056056,7.302934682229534e-05,0.0
3,6.24e-06,0.7011590618353624,0.6423636140922705,0.1553842276334762,0.2147898077964782,0.2255514860153198,0.2323820292949676,0.2404239922761917,0.2514403164386749,0.2594042718410492,0.2044156044721603,0.0938064530491828,0.0390558429062366,0.0242494828999042,0.0182329956442117,0.0113089056685566,0.0044007333926856,0.0002275047445436,0.0
4,9.209999999999998e-06,0.6810261432941144,0.6321784270306429,0.192662164568901,0.2245132029056549,0.2316093295812606,0.23776176571846,0.2486043870449066,0.2713584303855896,0.2803583443164825,0.2341062575578689,0.1400181353092193,0.0546400211751461,0.0184148214757442,0.0095105189830064,0.0047239861451089,0.0012815580703318,0.0,0.0
5,1.218e-05,0.6722797366288992,0.634305107096831,0.1978567838668823,0.2289104610681533,0.2353089749813079,0.2410251200199127,0.2577860951423645,0.2811359167098999,0.2958624064922333,0.2942472994327545,0.2790449261665344,0.2415032535791397,0.1771937161684036,0.1101242452859878,0.0582961067557334,0.0208146572113037,0.0045395442284643,5.1500093832146376e-05
6,1.515e-05,0.6641252407660851,0.7120810051759084,0.2242549210786819,0.2307413518428802,0.233612835407257,0.2352491170167923,0.2367203831672668,0.2386325299739837,0.2411860823631286,0.2444972842931747,0.2492220252752304,0.2568534314632416,0.2672483623027801,0.279118150472641,0.2753449082374573,0.2333742678165435,0.1060416400432586,0.0011916570365428
7,1.812e-05,0.6599121570587159,0.6115218854198853,0.2271836102008819,0.2424495071172714,0.2650601267814636,0.2879014611244201,0.306666761636734,0.3198273479938507,0.3274578750133514,0.3293050527572632,0.3232237100601196,0.298785001039505,0.237740933895111,0.149706020951271,0.067081943154335,0.0294842459261417,0.0079473787918686,0.0
8,2.109e-05,0.6545431742301354,0.629344716668129,0.2379058301448822,0.2619465291500091,0.2623293995857239,0.1631311625242233,0.1002634018659591,0.0648308768868446,0.0367574207484722,0.0227144863456487,0.0173375308513641,0.0125423315912485,0.0085933748632669,0.0057732723653316,0.004839131142944,0.0032623226288706,0.0011843643151223,0.0002490338229108
9,2.406e-05,0.6476251207865201,1.2363370781143506,0.2209032028913498,0.2230070680379867,0.2249369174242019,0.2262456119060516,0.227246418595314,0.2281535565853119,0.2290854752063751,0.2300817668437957,0.2310833036899566,0.2321075648069381,0.2332766652107238,0.234661191701889,0.2361092716455459,0.2375345081090927,0.2395236939191818,0.2438351958990097
10,2.703e-05,0.6437636292897738,0.6010954802234968,0.2346317917108535,0.2810057401657104,0.3463757932186126,0.3871165812015533,0.4055384993553161,0.412408173084259,0.4018583595752716,0.3646571040153503,0.298128604888916,0.2182881087064743,0.1368331760168075,0.0799627974629402,0.0490114130079746,0.0251771919429302,0.0152315087616443,0.0081778168678283
11,3e-05,0.6334748029708862,0.6074275945623716,0.2522884011268616,0.2938115894794464,0.3160671889781952,0.3329795300960541,0.3436759710311889,0.3416177332401275,0.3221569955348968,0.2909887433052063,0.2564680278301239,0.2134733498096466,0.1696970760822296,0.132343053817749,0.0980763137340545,0.0679999813437461,0.0430037155747413,0.018823504447937
12,3e-05,0.6267915303890522,0.6075257609287897,0.2571185529232025,0.3551082909107208,0.3926202058792114,0.3804397583007812,0.3608229160308838,0.3350161910057068,0.3042522668838501,0.2664391994476318,0.2194932997226715,0.1690693646669387,0.1250647604465484,0.0851560458540916,0.0515463650226593,0.0290958397090435,0.0150184324011206,0.0029433069285005
13,3e-05,0.6221612545160147,1.279175656537215,0.2248212248086929,0.226996898651123,0.228097915649414,0.2289026528596878,0.229647159576416,0.2304751127958297,0.2313963919878006,0.2323215901851654,0.2332971096038818,0.234292060136795,0.2353374063968658,0.2365968376398086,0.238172635436058,0.240558236837387,0.2436079829931259,0.2493714690208435
14,3e-05,0.612596634718088,2.854345222314199,0.1385414898395538,0.1409007012844085,0.1430141627788543,0.1443516910076141,0.1457241624593734,0.147179365158081,0.1487396657466888,0.1504006683826446,0.1516864895820617,0.1515900939702987,0.1512134224176406,0.1477482318878173,0.1400580704212188,0.1241427510976791,0.0997027978301048,0.0609521903097629
15,3e-05,0.6038828015327453,0.6298457390318314,0.3371205031871795,0.3887739479541778,0.385255366563797,0.3686164021492004,0.3539762496948242,0.3418079018592834,0.3285019993782043,0.3098087608814239,0.28125861287117,0.2436077743768692,0.202369213104248,0.1605334728956222,0.1062394380569458,0.0496092438697814,0.0133893657475709,0.0014786679530516
16,3e-05,0.6035144219031701,0.74503794995447,0.2348855286836624,0.2418068051338195,0.2461626529693603,0.2500558197498321,0.2542174160480499,0.2579939067363739,0.2624318599700928,0.2667267620563507,0.2723740637302398,0.2796964347362518,0.2883787155151367,0.2991648912429809,0.3111143112182617,0.3275915384292602,0.3426057696342468,0.357283741235733
17,3e-05,0.6078780201765207,0.6478366901477178,0.2545336782932281,0.2746830880641937,0.2876380383968353,0.2986769378185272,0.3075903654098511,0.3158844411373138,0.324301928281784,0.3327986598014831,0.3430087268352508,0.35377037525177,0.366590142250061,0.3805057108402252,0.3945261538028717,0.4082399308681488,0.4179254174232483,0.3998540937900543
18,3e-05,0.5974502948614268,0.7773890811949968,0.2332508414983749,0.2357441931962967,0.2373653203248977,0.2392444908618927,0.2418033480644226,0.244571104645729,0.2483590245246887,0.2532977759838104,0.2604031264781952,0.2707661390304565,0.2844781279563904,0.3048065602779388,0.3298251330852508,0.3593080639839172,0.3919980227947235,0.4206966161727905
19,3e-05,0.586951547402602,0.6005035390456518,0.2917123436927795,0.3127457797527313,0.3223069906234741,0.3269252181053161,0.3291114270687103,0.3316432535648346,0.3356669545173645,0.3397267758846283,0.3385616838932037,0.3378292918205261,0.3288620710372925,0.3011703789234161,0.2551046013832092,0.1786493360996246,0.0862432345747947,0.0118748825043439
20,3e-05,0.5938007079637968,0.6514673649022976,0.2710952460765838,0.1892566382884979,0.1323765069246292,0.0835402905941009,0.0541762076318264,0.0387453287839889,0.0307340137660503,0.0263456832617521,0.0221978146582841,0.0166187565773725,0.0066409953869879,0.0010942154331132,2.247329393867404e-05,0.0,0.0,0.0
21,3e-05,0.591067740550408,0.6023292063424984,0.3871693909168243,0.4042114913463592,0.402608186006546,0.396743506193161,0.3908742070198059,0.3846620321273803,0.3760330379009247,0.3603622615337372,0.3416426181793213,0.3173483610153198,0.2877791225910187,0.2453585714101791,0.1977179050445556,0.1455194652080536,0.080762967467308,0.0304001122713089
22,3e-05,0.5799704689245958,0.5895673731962839,0.3656395971775055,0.3890110552310943,0.3961408138275146,0.4013000428676605,0.4052297174930572,0.4075958728790283,0.4090699255466461,0.4083025455474853,0.4052843451499939,0.4015167355537414,0.3911667466163635,0.3748218417167663,0.3533785343170166,0.3171318471431732,0.2420654594898224,0.1028482988476753
23,3e-05,0.5834080269703499,0.7905726345876852,0.2298251241445541,0.2339381426572799,0.2375521212816238,0.2407154440879821,0.2438065260648727,0.2457019835710525,0.2479235231876373,0.2505586147308349,0.2539872229099273,0.2587499618530273,0.2657216191291809,0.2766990661621094,0.2957507073879242,0.3303236365318298,0.3835621476173401,0.4336391687393188
24,3e-05,0.5832414452846234,0.6634908809016148,0.1700358539819717,0.1225574165582656,0.1031231135129928,0.0915059372782707,0.083546258509159,0.0749624744057655,0.065962441265583,0.055802121758461,0.0423379205167293,0.0309761762619018,0.021636314690113,0.0115089304745197,0.004349386319518,0.0009489667136222,0.0,0.0
25,3e-05,0.5716457270658933,0.5735650788992643,0.2976512908935547,0.3311428427696228,0.3559275865554809,0.3735060393810272,0.3865732252597809,0.3982390761375427,0.4103354811668396,0.4200910031795501,0.4261533617973327,0.4284358620643616,0.4307447671890259,0.4279009103775024,0.4159970879554748,0.3896868526935577,0.3321304023265838,0.2053141444921493
26,3e-05,0.570155827815716,0.674733425800999,0.1190630793571472,0.08307546377182,0.0667546465992927,0.0558353438973426,0.0477408580482006,0.0401329286396503,0.0328631103038787,0.0269966721534729,0.0221899393945932,0.0179724730551242,0.0107119781896471,0.0044217221438884,0.0019507721299305,2.434602902212646e-05,0.0,0.0
27,3e-05,0.5808095262600825,0.5899477762480577,0.2778532803058624,0.2955331802368164,0.3104766309261322,0.3249183297157287,0.338513433933258,0.3514212369918823,0.3645661771297455,0.3766433298587799,0.3897452056407928,0.4041734337806701,0.4187535941600799,0.4302908778190613,0.4338027834892273,0.4264774322509765,0.3930421471595764,0.2857246696949005
28,3e-05,0.570784174478971,0.59923240977029,0.2645141184329986,0.2790344953536987,0.2897214293479919,0.2988163828849792,0.3081647753715515,0.3182245790958404,0.3294160068035126,0.339746356010437,0.349664956331253,0.3482184410095215,0.3270481824874878,0.2559970021247864,0.1307604014873504,0.0296506155282259,0.0021681881044059,6.741745164617896e-05
29,3e-05,0.5730726077006414,0.9522853009402752,0.2282193899154663,0.2301679998636245,0.2315101027488708,0.2325014770030975,0.2333481013774871,0.2339971512556076,0.2347301393747329,0.235819786787033,0.2377451211214065,0.2397961169481277,0.2416393607854843,0.2444033026695251,0.2489509731531143,0.2567511200904846,0.2698615789413452,0.300559252500534
30,3e-05,0.5639371000803434,0.63439533735315,0.2494745999574661,0.2564488649368286,0.2646782994270324,0.271781176328659,0.2767755389213562,0.2809220552444458,0.2867761552333832,0.2936199009418487,0.3013814091682434,0.3111037313938141,0.3205983340740204,0.3280293643474579,0.3298258185386657,0.3268470466136932,0.2878778874874115,0.1592120677232742
31,3e-05,0.5752256631851196,0.5694984098275503,0.3739009797573089,0.3998769521713257,0.4177737832069397,0.4309965670108795,0.4409016966819763,0.4473881125450134,0.4537314176559448,0.4559744298458099,0.4542544484138489,0.4505241811275482,0.4486911296844482,0.4492748379707336,0.4496528208255768,0.4386260211467743,0.4004882276058197,0.3140010833740234
32,3e-05,0.5744867636607244,0.9555744385967652,0.2300650626420974,0.2319523394107818,0.2334542125463485,0.2347782701253891,0.2359928637742996,0.2369189113378524,0.2377994209527969,0.2387502789497375,0.2398438453674316,0.2410442978143692,0.2425646930932998,0.2449852377176284,0.2489186376333236,0.2557158172130584,0.2675738930702209,0.2912843227386474
33,3e-05,0.5657317638397217,0.5744029718140761,0.4036076068878174,0.4252575635910034,0.4348834156990051,0.4423213899135589,0.4471765458583832,0.4498886466026306,0.4499290883541107,0.4462571442127228,0.4401900768280029,0.4310502707958221,0.4198907017707824,0.4065846502780914,0.3834580481052398,0.3449561297893524,0.278663158416748,0.1347829103469848
34,3e-05,0.567016315460205,0.5826578612128893,0.3163532018661499,0.3371592462062835,0.3524771332740783,0.363812118768692,0.3729857504367828,0.3817678093910217,0.3906234502792358,0.398939311504364,0.4076463282108307,0.4163185954093933,0.4255918562412262,0.4344768226146698,0.4381456077098846,0.4376062750816345,0.4229159951210022,0.3519747257232666
35,3e-05,0.5588155755629907,0.8264337734629711,0.2375765740871429,0.2400529831647873,0.2423755377531051,0.2446120381355285,0.2470707446336746,0.2495219260454177,0.251967191696167,0.2548107802867889,0.2578987181186676,0.2615287005901336,0.2658448219299316,0.2713927626609802,0.2773478329181671,0.2858605086803436,0.3005548417568207,0.3308781385421753
36,3e-05,0.5589062374371748,0.6162202544510365,0.4223884344100952,0.4291365444660187,0.395678848028183,0.3512866199016571,0.3126032650470733,0.2638254761695862,0.2230322957038879,0.1924161165952682,0.1668494790792465,0.1467652022838592,0.1270489543676376,0.103004053235054,0.0744552388787269,0.0505433604121208,0.0281429290771484,0.0073857903480529
37,3e-05,0.5654009768596062,0.6048292027165493,0.4291818737983703,0.4396863579750061,0.4400542378425598,0.4379560947418213,0.4352843761444092,0.4323855638504028,0.4279601871967315,0.4223080277442932,0.4134930074214935,0.4020583629608154,0.3881803750991821,0.3714017271995544,0.3479156792163849,0.3106758296489715,0.2386941313743591,0.1148053854703903
38,3e-05,0.5594293204637674,1.3977659059067566,0.2332897633314132,0.2351885885000229,0.2365240901708603,0.2375349253416061,0.2383998483419418,0.2392086386680603,0.2399376481771469,0.2406855821609497,0.2414951771497726,0.2422743737697601,0.2431985288858413,0.2442803531885147,0.245694100856781,0.2471074014902115,0.2497943490743637,0.2565236985683441
39,3e-05,0.5565228957396288,0.5636413084963957,0.3833392262458801,0.4051399827003479,0.4179085791110992,0.4276569187641144,0.4352710247039795,0.4418469071388244,0.4477490782737732,0.4533127844333648,0.45902881026268,0.4637185335159302,0.4652852118015289,0.4660366177558899,0.4658830761909485,0.4609005451202392,0.4418643712997436,0.3600785732269287
40,3e-05,0.5535565963158241,0.5921728809674581,0.3099884688854217,0.3256418406963348,0.3381381928920746,0.3492803573608398,0.3582332134246826,0.3665398359298706,0.3751181364059448,0.3835506737232208,0.3912318646907806,0.3994550406932831,0.4083187282085418,0.4172557890415191,0.4251667559146881,0.4310030937194824,0.4188141822814941,0.3382861018180847
41,3e-05,0.5483593826110547,0.5811396315693855,0.4022960364818573,0.417951226234436,0.4283068478107452,0.4367410242557525,0.4420285820960998,0.4447955191135406,0.4463973045349121,0.4470797479152679,0.4450924694538116,0.4422485828399658,0.436595618724823,0.4286892414093017,0.411086231470108,0.3679070770740509,0.2798661887645721,0.1233733519911766
42,3e-05,0.5565205537355863,0.5825056334336599,0.3838299810886383,0.3995105624198913,0.4102916419506073,0.4183817207813263,0.4244468808174133,0.4279543757438659,0.4295702874660492,0.430063933134079,0.4308534562587738,0.4310108423233032,0.4252120554447174,0.4157494902610779,0.3974489569664001,0.3536705076694488,0.2708306610584259,0.1186839938163757
43,3e-05,0.5600530945337736,0.6292010396718979,0.2609170377254486,0.269592136144638,0.2767232060432434,0.2819795310497284,0.2868955731391907,0.2924303114414215,0.299179345369339,0.3080759644508362,0.3188361525535583,0.3301507234573364,0.3425066173076629,0.356745034456253,0.3726136386394501,0.3837218284606933,0.3570573031902313,0.2686276137828827
44,3e-05,0.5560161269628084,0.5649492138375839,0.3738778233528137,0.3971999585628509,0.4142614901065826,0.42667356133461,0.4358801245689392,0.4427335858345032,0.4481399953365326,0.4525043964385986,0.4565674066543579,0.4575619995594024,0.4563474357128143,0.4508386850357055,0.4396714568138122,0.4167490303516388,0.3622485399246216,0.218028575181961
45,3e-05,0.5540286054978004,0.6903566904366016,0.2573636174201965,0.265011191368103,0.271481990814209,0.2769593894481659,0.2819317877292633,0.2866357862949371,0.2920094132423401,0.2981302142143249,0.3047137856483459,0.3121597468852997,0.3205986320972442,0.3314980268478393,0.3474024832248688,0.3732563257217407,0.4059801995754242,0.4068051278591156
46,3e-05,0.5525928776997786,0.666785412778457,0.267044723033905,0.2754197418689728,0.2825369238853454,0.2891348898410797,0.2949619591236114,0.300595074892044,0.3063340783119201,0.3123833239078522,0.3194650411605835,0.3271642625331878,0.3363513350486755,0.3469831943511963,0.3611807823181152,0.3791615068912506,0.3974675834178924,0.4019080102443695
47,3e-05,0.5590845745343428,0.574217731753985,0.4012353420257568,0.4189140498638153,0.4334386587142944,0.4422295391559601,0.4485840499401092,0.4538995027542114,0.4571340680122375,0.4603188633918762,0.4637735188007355,0.4648545980453491,0.4626157879829407,0.4536506533622741,0.4295696020126343,0.3729580044746399,0.2907431721687317,0.1818004548549652
48,3e-05,0.5476969920671904,0.6487048653264841,0.3920780420303345,0.3567516207695007,0.3203852772712707,0.2875158786773681,0.2650381922721863,0.2434548884630203,0.221370980143547,0.1988152265548706,0.1792152822017669,0.1568236052989959,0.133266732096672,0.1090858951210975,0.0830486565828323,0.0595119036734104,0.0373137630522251,0.0114007508382201
49,3e-05,0.5535570039198949,0.5949659571051598,0.3008469939231872,0.3138880729675293,0.3238137066364288,0.3325746059417724,0.3387195765972137,0.3449040949344635,0.3502471446990967,0.3542548418045044,0.3565301597118377,0.3586417436599731,0.3610848188400268,0.3617558181285858,0.3587548434734344,0.3307651877403259,0.2491291165351867,0.1232390031218528
50,3e-05,0.549637064566979,0.5680544773737589,0.3455800414085388,0.3611774146556854,0.3730676174163818,0.3830123543739319,0.391758531332016,0.3984236419200897,0.4054286479949951,0.4135625660419464,0.4219402074813843,0.4285492897033691,0.4368050992488861,0.4455341100692749,0.4555922448635101,0.4596561789512634,0.4308010935783386,0.2431494146585464
51,3e-05,0.5483888167601365,0.6375930781165758,0.400981992483139,0.3949142396450043,0.3903314769268036,0.3843389749526977,0.3775879740715027,0.3706384599208832,0.3629553020000458,0.3555457293987274,0.3469278812408447,0.3357028663158417,0.3197599947452545,0.2975356578826904,0.2669964134693146,0.2234795093536377,0.1533975303173065,0.0602425821125507
52,3e-05,0.5531764906186324,0.6029336247593164,0.3000177145004272,0.3119838833808899,0.3216443061828613,0.3301161825656891,0.3375472724437713,0.3445272743701935,0.3520646095275879,0.3600811660289764,0.3687999546527862,0.3771751821041107,0.3868444859981537,0.3986145555973053,0.4128886461257934,0.4274000227451324,0.4366858899593353,0.3318295776844024
53,3e-05,0.5432558357715607,0.5975724930564562,0.3159319758415222,0.3279434442520141,0.3374613523483276,0.3454974591732025,0.3527538478374481,0.3600221276283264,0.3676616549491882,0.3759547173976898,0.3849344551563263,0.3952018320560455,0.4071429371833801,0.4203012585639953,0.4315535128116607,0.4374080300331116,0.4328011572360992,0.3696422874927521
54,3e-05,0.5413705541537358,0.6140913963317871,0.3903651833534241,0.3945464789867401,0.3931937217712402,0.3886337280273437,0.3785179257392883,0.366186648607254,0.3544488549232483,0.340136170387268,0.3245292603969574,0.3048510551452636,0.2814601063728332,0.2533526122570038,0.2135887444019317,0.1614510416984558,0.0966175198554992,0.0214448496699333
55,3e-05,0.5486145390914037,0.5753692531337341,0.3952327668666839,0.4063238203525543,0.415384829044342,0.4228433668613434,0.4286618530750274,0.4342863857746124,0.4398302733898163,0.4441273212432861,0.4481907486915588,0.4514417350292206,0.4517455697059631,0.4489991366863251,0.4433792233467102,0.4340779185295105,0.4010197818279266,0.2977222502231598
56,3e-05,0.5586848208537468,0.5763309138516585,0.4498740136623382,0.4665631353855133,0.4767684042453766,0.4839898943901062,0.4886126816272735,0.4910841286182403,0.4929936528205871,0.493884414434433,0.4936979413032532,0.4930296540260315,0.4911689758300781,0.4869557321071625,0.4744573533535003,0.4488049447536468,0.3996754586696625,0.2936876714229584
57,3e-05,0.5478830209145179,0.5586572798589865,0.3912930786609649,0.4118667542934418,0.4259960055351257,0.4367814064025879,0.4456349909305572,0.4524149298667907,0.458684504032135,0.4648323655128479,0.4705909490585327,0.4761721789836883,0.482129693031311,0.4868171215057373,0.4885538816452026,0.48161381483078,0.4474782347679138,0.3539862930774688
58,3e-05,0.5503586934163021,0.6068900612493356,0.4569047391414642,0.4642997682094574,0.4642499387264251,0.4599479734897613,0.4558424055576324,0.4486218094825744,0.4388610124588012,0.4263311624526977,0.4115900695323944,0.393242746591568,0.373300164937973,0.3463894724845886,0.3053327798843384,0.2477322816848755,0.1659009158611297,0.0635138899087905
59,3e-05,0.551923359815891,0.6242530991633733,0.4013221859931946,0.4147740602493286,0.4155613780021667,0.4072279334068298,0.3950173556804657,0.3789423406124115,0.3599203824996948,0.3379510641098022,0.3125668466091156,0.2862934172153473,0.2586912512779236,0.2288498133420944,0.1941315829753875,0.1482757776975631,0.0963915288448333,0.0479916110634803
60,3e-05,0.538870414862266,0.6716729340453943,0.2612054944038391,0.2688348591327667,0.2748086750507355,0.279702365398407,0.2841519713401794,0.2883164882659912,0.2927990555763244,0.2978414893150329,0.3037290573120117,0.3105579316616058,0.3188440203666687,0.3310823440551758,0.3486816585063934,0.3754102289676666,0.4123915433883667,0.3615151047706604
61,3e-05,0.5413522248084729,0.6094204659263293,0.294842004776001,0.3080189526081085,0.3175981044769287,0.3261179625988006,0.333437442779541,0.3400094211101532,0.3460601568222046,0.3528561592102051,0.3599799871444702,0.3680696189403534,0.3770204186439514,0.3880842924118042,0.4006361067295074,0.4177014827728271,0.4282861053943634,0.3765227496623993
62,3e-05,0.5391177938534664,0.5812093603114287,0.3700733780860901,0.3888120353221893,0.4044448435306549,0.416782408952713,0.4266668856143951,0.43391814827919,0.4390459060668945,0.4419637322425842,0.4426090121269226,0.441681832075119,0.4363985359668731,0.4244750142097473,0.4050747752189636,0.3768960833549499,0.3113425970077514,0.1213444545865058
63,3e-05,0.5429969709653121,0.6010278612375259,0.2969261407852173,0.3109640479087829,0.3233782052993774,0.3343691527843475,0.3437669575214386,0.3522965013980865,0.3610830307006836,0.3703604936599731,0.3795123100280761,0.3900292217731476,0.4010280668735504,0.4147008061408996,0.4294124245643616,0.4468807578086853,0.456577718257904,0.4072848558425903
64,3e-05,0.5356609128988706,0.5973184816539288,0.366219699382782,0.3863624036312103,0.3967629969120025,0.4009352624416351,0.4010017514228821,0.3953336477279663,0.3876221179962158,0.3773719072341919,0.3646445870399475,0.3453575670719147,0.3165544271469116,0.2853704988956451,0.2563486993312835,0.2132288068532943,0.1631477773189544,0.0771535187959671
65,3e-05,0.5369183691648337,0.6509125580390295,0.4364530444145202,0.4091536402702331,0.3847302794456482,0.3663492500782013,0.3485824465751648,0.3331782817840576,0.3178251087665558,0.3009925782680511,0.2836821973323822,0.2641035318374634,0.2402626723051071,0.209303393959999,0.1714691519737243,0.1277577131986618,0.0739975199103355,0.0281543359160423
66,3e-05,0.5378010525153234,0.6094386937717596,0.2892200350761413,0.2993212342262268,0.3073150813579559,0.3141064047813415,0.3204247653484344,0.3265494108200073,0.3329773247241974,0.3395961821079254,0.3473367094993591,0.3558562397956848,0.364823967218399,0.3753430247306824,0.3876369297504425,0.4000934362411499,0.3920178115367889,0.3168426156044006
67,3e-05,0.5455055154286899,0.6855312809348106,0.2205511778593063,0.1839184910058975,0.154920220375061,0.1349245756864547,0.1179199814796447,0.1048640236258506,0.0953924059867858,0.0866104066371917,0.0785005986690521,0.0721139162778854,0.0674137249588966,0.06221729144454,0.0559308044612407,0.0407523810863494,0.0174044258892536,0.0007418992463499
68,3e-05,0.5285825669765473,0.6763623245060444,0.2902880609035492,0.2679225504398346,0.2478499412536621,0.2259721606969833,0.2066517770290374,0.1891860961914062,0.1748862564563751,0.1616296023130417,0.1485527455806732,0.1341949552297592,0.115399569272995,0.0947353020310401,0.0696104764938354,0.0462752804160118,0.0266449134796857,0.0025833270046859
69,3e-05,0.5370156278977027,0.6185353696346283,0.4693470895290375,0.4682415127754211,0.4667111039161682,0.4627235233783722,0.4589180648326874,0.454129159450531,0.4480895698070526,0.4408097565174103,0.4312983453273773,0.4174925684928894,0.3996269106864929,0.375399112701416,0.339722603559494,0.2905641198158264,0.2180881947278976,0.1036568284034729
70,3e-05,0.5365199286204118,0.6317442382375399,0.4625705182552337,0.4372674524784088,0.410951018333435,0.3860116004943847,0.3628503084182739,0.3413812816143036,0.3205201625823974,0.3010410070419311,0.2797342538833618,0.254842072725296,0.225967675447464,0.1931478083133697,0.1580055952072143,0.1218399703502655,0.0826975405216217,0.0354157425463199
71,3e-05,0.5386703711289625,0.5999793962885936,0.2942397594451904,0.3091907799243927,0.3205351233482361,0.3293518126010895,0.3368681967258453,0.343943178653717,0.3515332043170929,0.3595734536647796,0.368655264377594,0.3799081146717071,0.3938837051391601,0.4113474786281585,0.4309597015380859,0.4487558901309967,0.4545462429523468,0.3017414808273315
72,3e-05,0.553736974642827,0.5696566092471281,0.3514244258403778,0.3692224621772766,0.3833701610565185,0.3943109512329101,0.4040910303592682,0.4126774370670318,0.42120561003685,0.4298098385334015,0.4369157552719116,0.4406565725803375,0.4416629374027252,0.4387667179107666,0.4205193519592285,0.3455153703689575,0.1978495717048645,0.0383154153823852
73,3e-05,0.5246565837126512,0.5612891931086779,0.4116853773593902,0.4282627403736114,0.4416514635086059,0.4521847367286682,0.4610170423984527,0.4682868123054504,0.4744967222213745,0.479926198720932,0.4849333465099334,0.4889780580997467,0.4904989302158355,0.4903526902198791,0.4895878434181213,0.4835731983184814,0.4489702880382538,0.2688363790512085
74,3e-05,0.5499658346176147,0.5768625171234211,0.3371628820896148,0.353158950805664,0.3663676679134369,0.3771974444389343,0.3865043520927429,0.3952587842941284,0.4038855135440826,0.4116527140140533,0.4196448028087616,0.4267062544822693,0.4340850412845611,0.4408998489379883,0.4458427429199219,0.4479289650917053,0.4294107854366302,0.3172777593135834
75,3e-05,0.5385138662961814,0.6099549345672131,0.4534837007522583,0.4557674527168274,0.4542740881443023,0.4525444805622101,0.451404333114624,0.4495179951190948,0.4474686086177826,0.4437353610992431,0.4368654787540436,0.426998883485794,0.4124234318733215,0.389305830001831,0.3528968393802643,0.299852043390274,0.2197664231061935,0.1049660071730613
76,3e-05,0.5386279014440684,0.7143178470432758,0.0929112508893013,0.0739681497216224,0.0600510649383068,0.0504576154053211,0.0420273579657077,0.0351638682186603,0.0283969659358263,0.0216494966298341,0.0157334357500076,0.0116437477990984,0.0074843075126409,0.0049121668562293,0.0024189408868551,0.0013086575781926,0.0001058046909747,0.0
77,3e-05,0.5261748277224028,0.5966949307670196,0.3266212344169616,0.3355772197246551,0.3419774174690246,0.3474576473236084,0.3522884547710418,0.3565728962421417,0.3603162467479706,0.3644089698791504,0.3692793548107147,0.374474823474884,0.379660964012146,0.384776771068573,0.3877295255661011,0.3821781575679779,0.3479989767074585,0.2069023549556732
78,3e-05,0.5307796867994162,0.579028706997633,0.4588993191719055,0.4760329127311706,0.4847592711448669,0.4870594143867492,0.4884328246116638,0.4885616600513458,0.4865919053554535,0.4835146963596344,0.4801584780216217,0.4728923738002777,0.4620866775512695,0.446440041065216,0.4169886708259582,0.3603617548942566,0.2632226943969726,0.108883187174797
79,3e-05,0.5327184264476482,0.6227922228475412,0.4313816130161285,0.4300298392772674,0.4245278835296631,0.4182104766368866,0.4106940031051636,0.4022983312606811,0.3943729698657989,0.3829053044319153,0.3701387047767639,0.3550629019737243,0.3366663455963135,0.3093189001083374,0.2689913511276245,0.2193671613931656,0.1541095227003097,0.0643189176917076
80,3e-05,0.5206008081252759,0.6177364041407903,0.2993187606334686,0.3080399632453918,0.3127261996269226,0.3158970177173614,0.3183472156524658,0.319755882024765,0.3193618655204773,0.3178583979606628,0.3150637149810791,0.3117744326591491,0.3049302399158478,0.2944934070110321,0.2743415534496307,0.2281484007835388,0.1275224834680557,0.0089171938598155
81,3e-05,0.5353062354601347,0.5985449627041817,0.3106866776943207,0.3210958242416382,0.3289627730846405,0.3358266353607178,0.3427926898002624,0.3496394753456116,0.3565509915351867,0.3632504642009735,0.3703513443470001,0.3791209757328033,0.3887897431850433,0.3998418748378753,0.4150474369525909,0.4317981302738189,0.4394307136535644,0.3526700139045715
82,3e-05,0.5200397399755624,0.5840019633372625,0.3264016509056091,0.3390013873577118,0.3495058417320251,0.3584763705730438,0.3672322630882263,0.3755787312984466,0.3841572105884552,0.3925655782222748,0.4003011584281921,0.4078871011734009,0.4164785742759704,0.4267093241214752,0.4375355243682861,0.4411599636077881,0.422377735376358,0.3129166960716247
83,3e-05,0.5209292595203107,0.7158181859801213,0.006306579336524,0.0043787355534732,0.0028746735770255,0.0016029382823035,0.0007786027854308,0.0001797637087292,0.0,0.0,0.0,0.0,0.0,0.0,0.0,0.0,0.0,0.0
84,3e-05,0.5265782828514393,0.5785646587610245,0.3415302634239197,0.3536711633205414,0.3632936477661133,0.3715134859085083,0.3788667917251587,0.386123776435852,0.3934755623340606,0.4009418189525604,0.4087426364421844,0.4159972965717315,0.4230722486972809,0.4288195073604584,0.4352373480796814,0.4415543377399444,0.4335062801837921,0.3558961153030395
85,3e-05,0.5381411800017724,0.5788511435190836,0.4280388653278351,0.4501489400863647,0.4616803526878357,0.4663844406604767,0.4702740609645843,0.4741604328155517,0.4776084721088409,0.4801744520664215,0.4799093008041382,0.4768948256969452,0.4688188731670379,0.4515376389026642,0.420901745557785,0.3724475502967834,0.2991064190864563,0.1550013720989227
86,3e-05,0.528926533460617,0.6277828564246496,0.4906024634838104,0.4883014857769012,0.4820980131626129,0.4755499958992004,0.4679467380046844,0.4588571488857269,0.4482404887676239,0.4352459609508514,0.4201945066452026,0.40261971950531,0.3807739317417145,0.3536489903926849,0.3172624707221985,0.2750839293003082,0.2052187174558639,0.0927829295396804
87,3e-05,0.5343288504160367,0.6532710871348778,0.2650884091854095,0.276836633682251,0.2856476902961731,0.2922267317771911,0.2976070046424866,0.3027203977108001,0.3075600564479828,0.3124629259109497,0.3173705339431762,0.321647971868515,0.3264375627040863,0.3301931023597717,0.3359450697898865,0.3412706255912781,0.3425550162792206,0.2877466976642608
88,3e-05,0.5312332240434793,0.6059844872603813,0.4257721900939941,0.432511568069458,0.4346639811992645,0.4348684847354889,0.4332379996776581,0.4301182627677917,0.4249083995819092,0.4180882573127746,0.4080353677272796,0.395215779542923,0.3779416978359222,0.3525965809822082,0.3163847029209137,0.253997266292572,0.1482881605625152,0.0291861239820718
89,3e-05,0.5280248651137719,0.5972334947437048,0.3513219952583313,0.3606840670108795,0.3669092953205108,0.3705889284610748,0.373042345046997,0.3754714727401733,0.3778673112392425,0.3792580068111419,0.380405843257904,0.3787833452224731,0.3739907741546631,0.3662071228027344,0.3474344611167907,0.3103851675987243,0.2085227221250534,0.0495167337357997
90,3e-05,0.5174640536308288,0.5864179152995348,0.3459216654300689,0.3591273128986358,0.3676243126392364,0.3732537925243377,0.3788556158542633,0.3854135274887085,0.3922998011112213,0.3989299237728119,0.404849499464035,0.4098658859729767,0.4158864617347717,0.4205276370048523,0.4244023859500885,0.4234148859977722,0.4025427401065826,0.2892598807811737
91,3e-05,0.5231182744869819,0.6975173571457466,0.10303745418787,0.0671677365899086,0.041153211146593,0.0288647543638944,0.0218247063457965,0.0152727514505386,0.0109033370390534,0.0081651452928781,0.005843857768923,0.003868106752634,0.0027423161081969,0.0022209426388144,0.0017019347287714,0.00078234373359,0.0,0.0
92,3e-05,0.5375316340189714,0.5995226732144753,0.3109082877635956,0.3234767317771911,0.3331709802150726,0.3418342471122741,0.3496976494789123,0.3573408424854278,0.3646723330020904,0.372285783290863,0.3796547949314117,0.3875015377998352,0.3964453935623169,0.4056245386600494,0.4162508249282837,0.4314005374908447,0.4505952596664428,0.406011551618576
93,3e-05,0.5260799045746143,0.6222897799064716,0.458660751581192,0.4580149948596954,0.4507712721824646,0.440142959356308,0.4307648539543152,0.423410415649414,0.4142023622989654,0.403615802526474,0.3890655636787414,0.3728580474853515,0.3514638543128967,0.3185706436634063,0.2732395529747009,0.2057115137577057,0.1094059199094772,0.03666977211833
94,3e-05,0.5303592727734492,0.608827069401741,0.4211731851100921,0.4260226488113403,0.4258184731006622,0.4229148328304291,0.4217526018619537,0.4201589226722717,0.416502833366394,0.4122196435928345,0.4070253372192383,0.3993529677391052,0.3852884173393249,0.3647355437278747,0.3318032324314117,0.2746566832065582,0.1635133922100067,0.0520191602408885
95,3e-05,0.526169511446586,0.6154546669373909,0.3033799529075622,0.3148934245109558,0.3240231871604919,0.3312280774116516,0.3375298976898193,0.3441983461380005,0.350860059261322,0.3579391539096832,0.3653163611888885,0.3730592727661133,0.3826735913753509,0.3937819600105285,0.4063295423984527,0.4235731065273285,0.4393668174743652,0.4000081419944763
96,3e-05,0.5290396089737232,0.6429564394056797,0.2945785224437713,0.3030962646007538,0.3096949756145477,0.3151188492774963,0.3198407292366028,0.3238147795200348,0.3271184861660003,0.3301675617694855,0.3329995572566986,0.3361384570598602,0.3403030931949615,0.3451455533504486,0.3487746119499206,0.3509918749332428,0.3465439975261688,0.2600738704204559
97,3e-05,0.5217357112811162,0.5770350452512503,0.4710701406002044,0.4871587455272674,0.4979992210865021,0.5017703175544739,0.5017489790916443,0.5008013248443604,0.4986074268817901,0.4955296516418457,0.4911088049411773,0.4799365401268005,0.459287017583847,0.4256187677383423,0.374238908290863,0.286891371011734,0.1571016460657119,0.0347326286137104
98,3e-05,0.5282536575427422,0.6757264416664839,0.2790576815605163,0.2850085496902466,0.2900455594062805,0.2945564091205597,0.2986088991165161,0.3021504580974579,0.3052670359611511,0.3080193400382995,0.3102334439754486,0.3125892281532287,0.3153936266899109,0.3190896213054657,0.3237200975418091,0.3299534916877746,0.3351726531982422,0.3294940590858459
99,3e-05,0.5175171870451707,0.600583073993524,0.3083614706993103,0.322581022977829,0.333759993314743,0.3433307409286499,0.3512146770954132,0.3578818738460541,0.3637900650501251,0.3692324161529541,0.3754325211048126,0.3834281861782074,0.3925298154354095,0.4027656316757202,0.4163247346878052,0.4320952892303467,0.434722363948822,0.3386587798595428
100,3e-05,0.5196060088964609,0.7308015041053295,0.2498540133237838,0.2558441162109375,0.2603208422660827,0.2649663090705871,0.2695125937461853,0.2738911509513855,0.2782713174819946,0.2828832566738128,0.2876612246036529,0.2932157516479492,0.2996803820133209,0.3076279163360595,0.3195325434207916,0.3361712694168091,0.3584597110748291,0.3846120834350586
101,3e-05,0.5208734966241396,0.6148921512067318,0.3138526976108551,0.3238602876663208,0.3324858844280243,0.3396804332733154,0.3467966020107269,0.3536210060119629,0.3605858087539673,0.3674429655075073,0.3746474981307983,0.3821855187416076,0.3901962041854858,0.3987244367599487,0.4090586602687835,0.4222544431686401,0.441356360912323,0.4392145872116089
102,3e-05,0.5331396854840792,0.6062444566438595,0.2993212342262268,0.3133908212184906,0.3250498175621032,0.3350160717964172,0.3438844382762909,0.3516283929347992,0.3583548665046692,0.3648310601711273,0.372073233127594,0.3788611590862274,0.3859414756298065,0.3941379487514496,0.4042270183563232,0.4184049963951111,0.4320613145828247,0.3623729646205902
103,3e-05,0.5312566711352422,0.9256794527173042,0.2305621206760406,0.2329694628715515,0.234603613615036,0.2364953607320785,0.2385588437318802,0.2407478243112564,0.2427608966827392,0.2451584637165069,0.2478415817022323,0.2508179247379303,0.2545576393604278,0.2595031559467315,0.2658502459526062,0.2747794091701507,0.2922038733959198,0.3194137513637543
104,3e-05,0.5173945179352394,0.5989274848252535,0.3980292081832886,0.4102929532527923,0.4189832806587219,0.4213250875473022,0.422279804944992,0.4225959479808807,0.4205412566661834,0.4150122702121734,0.4066923558712005,0.392002522945404,0.3736473619937897,0.3419651687145233,0.2980283200740814,0.2455964386463165,0.169475108385086,0.0551283992826938
105,3e-05,0.5216669729122749,0.5869770540545384,0.3172095417976379,0.3294408917427063,0.3395163416862488,0.348547101020813,0.3575961291790008,0.366366982460022,0.3744953274726867,0.3822881877422333,0.3892832398414612,0.3964037001132965,0.4041374325752258,0.4096953272819519,0.4087695479393005,0.3856179714202881,0.2681137919425964,0.0870100110769271
106,3e-05,0.5257688893721654,0.5975657794624567,0.3155548870563507,0.3272611796855926,0.3385287821292877,0.349179208278656,0.3584455847740173,0.3671765923500061,0.3751450181007385,0.3831148743629455,0.3908493220806122,0.3984220325946808,0.4073483943939209,0.4174843430519104,0.4291040897369385,0.4437843263149261,0.4568367898464203,0.4189308583736419
107,3e-05,0.5109176411078526,0.6451880310972532,0.4389629065990448,0.4249421656131744,0.4084393382072449,0.391976535320282,0.3729778230190277,0.3537048101425171,0.3357555270195007,0.3172812163829803,0.2991775572299957,0.2784497439861297,0.2567779421806335,0.2306063622236251,0.193302571773529,0.1509032696485519,0.0779441893100738,0.0140538709238171
108,3e-05,0.5236132465876066,0.6231278112779061,0.2853255569934845,0.2936026155948639,0.30026575922966,0.3059802055358886,0.3113214671611786,0.3165879845619201,0.322117269039154,0.3280255794525146,0.3338427245616913,0.3395918905735016,0.3469462394714355,0.355304092168808,0.3661950528621673,0.3764614164829254,0.3807399868965149,0.2595011293888092
109,3e-05,0.5186013813202198,0.6022556902219852,0.4832334816455841,0.4863381385803222,0.4859872758388519,0.4840233325958252,0.4811601042747497,0.4774277508258819,0.4733209609985351,0.4685535132884979,0.4632693231105804,0.4561977982521057,0.4467333853244781,0.4329391419887543,0.4107804596424103,0.3691665828227997,0.2770817875862121,0.1094787567853927
110,3e-05,0.5241247525581947,0.6030551145474116,0.4375044107437134,0.4438387751579284,0.4452010095119476,0.4442332684993744,0.4421688914299011,0.4382124841213226,0.4331235289573669,0.4269627630710602,0.4195219278335571,0.4102874398231506,0.3980599045753479,0.3788030743598938,0.3488332033157348,0.2949755489826202,0.1955662965774536,0.0714372098445892
111,3e-05,0.5196703690748948,0.580369641383489,0.3693606853485107,0.3823609948158264,0.3931288421154022,0.400992214679718,0.407255470752716,0.4129602313041687,0.4177610278129577,0.4219786822795868,0.4264835119247436,0.4312667846679687,0.4371398389339447,0.4415727257728576,0.4404609501361847,0.4261775910854339,0.3587781488895416,0.1359967440366745
112,3e-05,0.5238425319011395,0.6022986782093843,0.410360723733902,0.4184834659099579,0.4245851933956146,0.429006814956665,0.4333530962467193,0.434912621974945,0.4341665804386139,0.4314361810684204,0.4277452230453491,0.4225488603115082,0.4159407615661621,0.4032456874847412,0.3742392063140869,0.3211892247200012,0.2172973155975341,0.0722110942006111
113,3e-05,0.5164644814454592,0.6235665045678616,0.3972148001194,0.4063177108764648,0.4090884327888489,0.4093797504901886,0.4087291955947876,0.4059110581874847,0.4008858203887939,0.3946690857410431,0.3875267803668976,0.3761415481567383,0.3623403310775757,0.3450170159339905,0.3184295892715454,0.2728956341743469,0.1897188425064087,0.0757490769028663
114,3e-05,0.5100260395270128,0.5700248846163353,0.3575819134712219,0.367913544178009,0.3756166398525238,0.3824725747108459,0.388819545507431,0.3948943316936493,0.4008198976516723,0.4064570367336273,0.4128458797931671,0.420612633228302,0.4293083250522613,0.4375447928905487,0.4422240257263183,0.4250946342945099,0.3450527489185333,0.1829005777835846
115,3e-05,0.5136653547103588,0.555947611729304,0.3876672983169555,0.402864009141922,0.4144480526447296,0.4230245649814605,0.4304814636707306,0.4378632307052612,0.4442728161811828,0.451366662979126,0.4592055976390838,0.4671399295330047,0.4751311540603637,0.4829742908477783,0.4890995919704437,0.4835210144519806,0.430726408958435,0.2040922045707702
116,3e-05,0.5141670144521273,0.606510275353988,0.4046714305877685,0.4131982028484344,0.4185895621776581,0.4228292107582092,0.4251286685466766,0.4255073368549347,0.4219966530799866,0.4168378412723541,0.4113986194133758,0.4048768877983093,0.3950203061103821,0.3769732415676117,0.3464498221874237,0.2945003807544708,0.1919672787189483,0.036861028522253
117,3e-05,0.5255842089653016,0.5933277582128843,0.2984069585800171,0.3139933049678802,0.3277173936367035,0.3397598564624786,0.3505187928676605,0.3589204549789428,0.3658972680568695,0.3729719817638397,0.3808191418647766,0.3893525004386902,0.3964335322380066,0.4026824533939361,0.4068403244018554,0.4008967876434326,0.3621107935905456,0.2501917779445648
118,3e-05,0.5115057092446548,0.6414769925177097,0.2803783118724823,0.2930603623390198,0.3029164969921112,0.3112928569316864,0.3191933333873749,0.3273150622844696,0.3351866006851196,0.3436378240585327,0.3523832559585571,0.3613916635513305,0.3705610036849975,0.3807719647884369,0.3951145112514496,0.4154466390609741,0.4448176324367523,0.466604471206665
119,3e-05,0.5211405052588536,0.5725649173061053,0.4165460467338562,0.4299986660480499,0.4400537312030792,0.4483694434165954,0.4556033015251159,0.46170774102211,0.4660654664039612,0.4694676697254181,0.472231388092041,0.47471883893013,0.4737676382064819,0.4685167968273163,0.4563506245613098,0.4311293065547943,0.3575799763202667,0.1762787997722625
120,3e-05,0.5146282319839184,0.6043653165300688,0.3106324374675751,0.3206077814102173,0.3283831179141998,0.3353327214717865,0.3415381610393524,0.3480120599269867,0.3546328246593475,0.3611474335193634,0.3680593371391296,0.375590056180954,0.3845118582248688,0.3952506780624389,0.4067887663841247,0.4199817776679992,0.418880820274353,0.1859786808490753
121,3e-05,0.5128392742230342,0.5842891956369082,0.3420982360839844,0.3537380993366241,0.3634876012802124,0.3714868128299713,0.3779090940952301,0.3830865621566772,0.3881025612354278,0.3932939171791076,0.3985299468040466,0.4043497443199157,0.4101703763008117,0.4170556664466858,0.4249281883239746,0.4299972951412201,0.4190665781497955,0.2991779744625091
122,3e-05,0.5205035558113685,0.5705109996100267,0.4200716614723205,0.4363705217838287,0.4471741914749145,0.4554096162319183,0.4628245234489441,0.4677165150642395,0.4715628623962402,0.4752582013607025,0.4792174994945526,0.4816372394561767,0.4841116666793823,0.4846413135528564,0.4803997278213501,0.464098185300827,0.4249356985092163,0.2909534573554992
123,3e-05,0.5122586351174575,0.6892398608227571,0.1934840977191925,0.1407041847705841,0.0970672443509101,0.0667616128921508,0.0460066720843315,0.0321233682334423,0.0218463484197855,0.0145564330741763,0.0113200070336461,0.0081755714491009,0.0061283078975975,0.0045700492337346,0.0028678521048277,0.0018003698205575,0.000191161307157,0.0
124,3e-05,0.5201606402030358,0.5798256807029247,0.4987002611160278,0.5127282738685608,0.5193629860877991,0.5207192897796631,0.5193029046058655,0.5158669352531433,0.5117762684822083,0.5060408115386963,0.4975477755069732,0.4850982129573822,0.4660576581954956,0.4345448613166809,0.3860650956630707,0.3161659836769104,0.1706560403108596,0.0164258647710084
125,3e-05,0.5067123830318451,0.6312737787763277,0.2884522378444671,0.2945776283740997,0.2989903390407562,0.301745593547821,0.3040136098861694,0.3056317269802093,0.3062652349472046,0.3074533343315124,0.3092446327209472,0.3109490573406219,0.3133210837841034,0.3161390423774719,0.3178488612174988,0.3115333020687103,0.2814765870571136,0.1707486063241958
126,3e-05,0.5091051188799051,0.6211114550630251,0.3756719827651977,0.3794544339179992,0.3814223408699035,0.3806627690792084,0.3786421418190002,0.3743385374546051,0.3690820336341858,0.3626352250576019,0.3531366288661957,0.3399922549724579,0.3254043161869049,0.3041466176509857,0.2710133492946625,0.2184614390134811,0.1237853243947029,0.0218368601053953
127,3e-05,0.5085874406191019,0.5921760648488998,0.4245575964450836,0.4422339498996734,0.4537359476089477,0.4576055407524109,0.458393931388855,0.455136626958847,0.4488979876041412,0.4401171207427978,0.4282486140727997,0.4115784764289856,0.386295348405838,0.3471324443817138,0.29264897108078,0.221062958240509,0.128630593419075,0.0346268452703952
128,3e-05,0.5133355975151062,0.5562165528535843,0.4003133773803711,0.4205887913703918,0.4334012866020202,0.4440366923809051,0.4534754455089569,0.4619081914424896,0.4688884317874908,0.4755613505840301,0.4820142686367035,0.4885473251342773,0.4933965504169464,0.4949432611465454,0.4931047856807709,0.4826436638832092,0.4330849051475525,0.2427105456590652
129,3e-05,0.5147151181331048,0.6330587373425564,0.4450855851173401,0.4404241144657135,0.4306043684482574,0.4196346998214721,0.4080082774162292,0.3961045742034912,0.3839821517467499,0.3697453141212463,0.3531467020511627,0.3354430496692657,0.3147963583469391,0.2867672741413116,0.2490648180246353,0.1947091668844223,0.114851213991642,0.0335327945649623
130,3e-05,0.5009241053691277,0.5881797249118487,0.3407556712627411,0.3525830507278442,0.3595976531505584,0.3655116260051727,0.3708303272724151,0.3749949932098388,0.3786039054393768,0.3816769123077392,0.3826190531253814,0.381412535905838,0.3779157698154449,0.3702529072761535,0.348722904920578,0.2825193703174591,0.1563494205474853,0.0176365878432989
131,3e-05,0.5026471899105952,0.610785057147344,0.4468762874603271,0.4519872665405273,0.4554512500762939,0.4557628035545349,0.4553013145923614,0.4538531303405761,0.4504784941673279,0.4449998438358307,0.4379684627056122,0.4295525550842285,0.4183262288570404,0.4016019701957702,0.3741669058799743,0.3201108574867248,0.226345956325531,0.0855761840939521
132,3e-05,0.5135549957935627,0.6242387319604555,0.5026031732559204,0.4954906105995178,0.4807199537754059,0.4671643078327179,0.4545846879482269,0.4417372941970825,0.4259583353996277,0.4078762829303741,0.3870918452739715,0.3609878718852997,0.3300173878669739,0.2881524860858917,0.233388289809227,0.1608909666538238,0.0807107612490654,0.0122991809621453
133,3e-05,0.5150914600262275,0.5820667191098133,0.46127849817276,0.4784756898880005,0.4875780940055847,0.4932797849178314,0.4971925020217895,0.4991594851016998,0.4997951090335846,0.4992262721061706,0.4977757930755615,0.4944221377372741,0.4879283607006073,0.4759844839572906,0.4534158408641815,0.4090138077735901,0.3100344538688659,0.1263915598392486
134,3e-05,0.5123840221991905,0.6740439074734846,0.35081347823143,0.3295349180698395,0.3077482283115387,0.2875432968139648,0.2703238725662231,0.2540552318096161,0.2388194501399994,0.221498042345047,0.2050418108701706,0.1878770589828491,0.169341579079628,0.1482228487730026,0.1205420196056366,0.0830491781234741,0.0408329218626022,0.0062193130142986
135,3e-05,0.5136214966957385,0.6563094618419806,0.4633554518222809,0.4469120800495147,0.4308126270771026,0.4182220101356506,0.4059112071990967,0.3921566903591156,0.3781521320343017,0.3630630075931549,0.3456849455833435,0.3244862556457519,0.298063576221466,0.2608967125415802,0.2153651416301727,0.1470028311014175,0.069432683289051,0.0085651855915784
136,3e-05,0.5074199451850011,0.5811215788125992,0.4244861304759979,0.4354588091373443,0.4427216053009033,0.447236031293869,0.4501061141490936,0.4523894786834717,0.4542927145957947,0.455820620059967,0.4575494527816772,0.458624005317688,0.4597125351428985,0.4611073434352875,0.4606034457683563,0.4527225494384765,0.4205391108989715,0.3006420731544494
137,3e-05,0.5075203611300542,0.6358546987175941,0.392971009016037,0.3928321003913879,0.3886117041110992,0.3839309513568878,0.3786785900592804,0.373232901096344,0.368731826543808,0.3634688854217529,0.3551141023635864,0.3406586349010467,0.3212080299854278,0.2944192588329315,0.25803342461586,0.1967424899339676,0.0982106178998947,0.0167440492659807
138,3e-05,0.510013097524643,0.6102278418838978,0.3147228062152862,0.3265002965927124,0.3359533846378326,0.3432716131210327,0.3499086499214172,0.3560714721679687,0.3619226813316345,0.3675534427165985,0.3738784193992615,0.3811557590961456,0.3899571299552917,0.4001569151878357,0.4119527637958526,0.4280571043491363,0.4453475773334503,0.4086778461933136
139,3e-05,0.5126965632805458,0.5725016177942356,0.3695619106292724,0.3845390379428863,0.396082729101181,0.4056906104087829,0.4142614006996155,0.4215311706066131,0.4277633726596832,0.4336890578269958,0.4397840499877929,0.4456571340560913,0.45014089345932,0.4527438282966614,0.4495552778244018,0.4298650920391083,0.3579001128673553,0.1363723576068878
140,3e-05,0.5073050521887266,0.5817031481613716,0.382674366235733,0.3926224112510681,0.3996300995349884,0.4045888185501098,0.4083795249462127,0.4111922085285187,0.4142473340034485,0.4182498753070831,0.4218315184116363,0.4251166880130768,0.4282413721084595,0.42824587225914,0.4249423444271087,0.4024866223335266,0.3051830232143402,0.0640898793935775
141,3e-05,0.5059481396124913,0.5620226052900156,0.4254217147827148,0.4370627701282501,0.4462535679340362,0.4541552364826202,0.4604092836380005,0.4666081070899963,0.4720491766929626,0.4775793552398681,0.482682466506958,0.4881112277507782,0.4927787184715271,0.4961496889591217,0.4991922080516815,0.4967617392539978,0.4528081715106964,0.2393320351839065
142,3e-05,0.5168825048666734,0.5660218273599943,0.3733059465885162,0.3867779374122619,0.3975822031497955,0.4058603644371032,0.4128909111022949,0.4187515079975128,0.4238743185997009,0.4296167194843292,0.4363060295581817,0.4430321455001831,0.4517430663108825,0.4599034488201141,0.4659554958343506,0.4557023644447326,0.3592003881931305,0.0868610441684722
143,3e-05,0.4968454205072843,0.5862878697613875,0.4557853043079376,0.4647653698921203,0.4689115881919861,0.4708246290683746,0.4708700478076935,0.4704340696334839,0.469228982925415,0.4662190973758697,0.4614619314670563,0.4548147022724151,0.4456395804882049,0.4303234219551086,0.4046818614006042,0.3594756722450256,0.260098397731781,0.0653420314192771
144,3e-05,0.4988000819316277,0.5979109636197487,0.341175377368927,0.3531535565853119,0.3617920875549316,0.3690724372863769,0.3758240044116974,0.3823025524616241,0.3880289494991302,0.3930981159210205,0.3984828889369964,0.4045622646808624,0.4114932417869568,0.4182775318622589,0.4276475012302398,0.442610889673233,0.459747701883316,0.4520915746688843
145,3e-05,0.5012116565154149,0.5946763617297014,0.3865415155887604,0.3949267268180847,0.400390475988388,0.4060495793819427,0.4112682044506073,0.4163622856140136,0.4220784306526184,0.4280433654785156,0.4325071573257446,0.435215026140213,0.4354255199432373,0.4337125718593597,0.4279629588127136,0.4100917279720306,0.3613795042037964,0.1813006550073623
146,3e-05,0.500800672861246,0.5911277631918589,0.3847857117652893,0.3957979381084442,0.4039129614830017,0.4091269969940185,0.413434237241745,0.4171197414398193,0.4193781316280365,0.4217149317264557,0.4252653121948242,0.4291492700576782,0.4304653406143188,0.4305538833141327,0.4257972538471222,0.4036516845226288,0.3438542485237121,0.0997003391385078
147,3e-05,0.4947167754173279,0.6904886104166508,0.3266015946865082,0.2973431348800659,0.2724702954292297,0.2536854147911072,0.2372730821371078,0.2240127474069595,0.2107463926076889,0.1963049322366714,0.1807487308979034,0.1659989207983017,0.1505659967660904,0.1314135491847992,0.1089277565479278,0.0829984694719314,0.0542679503560066,0.0100961411371827
148,3e-05,0.500270959505668,0.6829128166039785,0.2760335505008697,0.2823179066181183,0.2869362235069275,0.2906674444675445,0.2938625812530517,0.2969358265399933,0.2998307645320892,0.3026943206787109,0.3057476282119751,0.3090988099575043,0.3126809597015381,0.3167816698551178,0.3217527568340301,0.3284727036952972,0.3367102444171905,0.2881550788879394
149,3e-05,0.4998968945099757,0.667032333711783,0.423319935798645,0.3905577063560486,0.3637057244777679,0.3399889469146728,0.3172771036624908,0.2947865426540375,0.2721448838710785,0.2485024482011795,0.2232017666101455,0.1966771483421325,0.1674544364213943,0.1344145983457565,0.0965132862329483,0.0501672849059104,0.0126855159178376,3.745604544747039e-06
150,3e-05,0.4990320751300225,0.5911085916062196,0.3443169593811035,0.3543980419635772,0.362538605928421,0.3690673112869262,0.375474065542221,0.3801721632480621,0.384535014629364,0.3889520466327667,0.3931510150432586,0.3968920111656189,0.4003969728946686,0.4041121900081634,0.4092505276203155,0.4127484560012817,0.4140048325061798,0.3204774856567383
151,3e-05,0.4969325102292574,0.6193389619390169,0.3122460842132568,0.3250477015972137,0.3347181677818298,0.3420718312263489,0.3486416041851043,0.3544647395610809,0.3599569499492645,0.3651814460754394,0.3705769777297973,0.3765435218811035,0.3838949799537658,0.3922929465770721,0.4023377001285553,0.4160397946834564,0.4380627572536468,0.4293172657489776
152,3e-05,0.5113158840399522,0.5983018365999063,0.4015792608261108,0.4101267755031585,0.4152548015117645,0.4182765185832977,0.4202639460563659,0.4220061898231506,0.4229749739170074,0.4231192767620086,0.4229092895984649,0.4214055240154266,0.4176554381847381,0.4113334417343139,0.4003407657146454,0.3761408030986786,0.3062505424022674,0.1133956462144851
153,3e-05,0.5056536509440496,0.6034035856525103,0.3356010317802429,0.3402432799339294,0.3444761335849762,0.3488918542861938,0.3527257144451141,0.355524480342865,0.3577068150043487,0.3603497445583343,0.3629577755928039,0.3650930523872375,0.3664819896221161,0.3668193221092224,0.3658938407897949,0.3537920117378235,0.2859796285629272,0.0615817084908485
154,3e-05,0.4979338641350086,0.6383439091344675,0.4954377710819244,0.4884459972381592,0.478973776102066,0.4680840373039245,0.4579572379589081,0.4480726420879364,0.437604695558548,0.4270161092281341,0.413360059261322,0.3956673741340637,0.3717779219150543,0.3403006494045257,0.3038812279701233,0.2524017691612243,0.1636281907558441,0.0308553930371999
155,3e-05,0.4971363989206461,0.6100720018148422,0.4919194877147674,0.4973105788230896,0.4931459128856659,0.4857815504074096,0.4770556986331939,0.4679255485534668,0.4575838446617126,0.4472070038318634,0.4345119297504425,0.4166776835918426,0.3915755152702331,0.3545747399330139,0.2965966165065765,0.2090854942798614,0.0950272530317306,0.0036348369903862
156,3e-05,0.5005406320095063,0.6096900825699171,0.3740357756614685,0.3761882483959198,0.3753005564212799,0.3751373887062073,0.375854879617691,0.3756881058216095,0.3754146099090576,0.3743049800395965,0.3720257878303528,0.36833256483078,0.3620607852935791,0.3526217043399811,0.3375142216682434,0.3057965040206909,0.2315275967121124,0.0659599751234054
157,3e-05,0.495963644522887,0.6408335541685423,0.4516316056251526,0.4465858936309814,0.4373708069324493,0.4283381700515747,0.4200090169906616,0.4118580520153045,0.4027347266674042,0.3927481174468994,0.3818847239017486,0.369645744562149,0.3524670600891113,0.3290639519691467,0.296701580286026,0.2385989725589752,0.1294838339090347,0.0107217235490679
158,3e-05,0.4998741021523109,0.641489622493585,0.3126344978809356,0.3111459016799927,0.3095813691616058,0.3079368770122528,0.3055063188076019,0.3036138713359833,0.3009028732776642,0.2987859845161438,0.2960924208164215,0.2922001183032989,0.2859890162944793,0.2763363718986511,0.2604454457759857,0.2272697240114212,0.1714991182088852,0.0704250335693359
159,3e-05,0.503010231256485,0.6495622396469116,0.4451841413974762,0.4245907962322235,0.4017064273357391,0.382772147655487,0.3691223859786987,0.3551747798919678,0.3397893607616424,0.3241185843944549,0.3074706494808197,0.2890489399433136,0.2664461433887481,0.2386187762022018,0.1991196274757385,0.140446662902832,0.0610283985733985,0.0005606544436886
160,3e-05,0.4925706125222719,0.6875772575537363,0.2906504571437835,0.2966264188289642,0.3016535937786102,0.3060307204723358,0.3100755512714386,0.3138458132743835,0.3174054026603699,0.3209709823131561,0.324729859828949,0.3291210234165191,0.3344383239746094,0.3407846689224243,0.3493316173553467,0.3603717088699341,0.3749067783355713,0.3950048685073852
161,3e-05,0.4942192526964041,0.5787380666782459,0.3936043381690979,0.4096633195877075,0.4217768907546997,0.4316184222698211,0.4388495087623596,0.4438601434230804,0.4469474852085113,0.4488470554351806,0.4505814909934997,0.4523509442806244,0.4522697329521179,0.4511805474758148,0.4429698288440704,0.4122844338417053,0.3175373375415802,0.0700640305876731
162,3e-05,0.4991476687101217,0.5985527411103249,0.3604859411716461,0.3668463230133056,0.3717281818389892,0.3756306767463684,0.3790965974330902,0.3826669454574585,0.3862085342407226,0.3895750045776367,0.3930719494819641,0.3957135379314422,0.3952743709087372,0.3914110958576202,0.3821654915809631,0.3591227531433105,0.287305623292923,0.0952798202633857
163,3e-05,0.4981126652314113,0.6075582324216763,0.2970585227012634,0.3099950551986694,0.3199000656604767,0.3285570740699768,0.3365717232227325,0.3443084955215454,0.3518803417682647,0.359580397605896,0.3679943978786468,0.3771331310272217,0.387626051902771,0.4001691043376922,0.4168572127819061,0.4387734234333038,0.4574908316135406,0.3709360957145691
164,3e-05,0.4996935894856086,0.615273958692948,0.3239904940128326,0.3344968557357788,0.3422668278217315,0.3483551740646362,0.3536872863769531,0.3584437966346741,0.3626808226108551,0.3672411739826202,0.3718631267547607,0.3770630061626434,0.3828859627246856,0.3895744383335113,0.3981005251407623,0.4067391455173492,0.4164550602436065,0.4109305441379547
165,3e-05,0.4990066074408018,0.6218785457313061,0.3304061591625213,0.3366494476795196,0.3396821618080139,0.3412894904613495,0.3421388566493988,0.3416665196418762,0.3410515785217285,0.3405168950557709,0.3383409976959228,0.3354195654392242,0.3304642140865326,0.3201678693294525,0.3035884797573089,0.2659009993076324,0.1776003837585449,0.0261008981615304
166,3e-05,0.4942514983507303,0.648330726971229,0.2979196310043335,0.301364928483963,0.3035518527030945,0.3055151998996734,0.306950181722641,0.3082289397716522,0.3093521893024444,0.3105688691139221,0.3119098246097564,0.3127240240573883,0.3133294582366943,0.3137338161468506,0.3121522068977356,0.3041215240955353,0.2741464376449585,0.1493962556123733
167,3e-05,0.5112847016407893,0.5895512892554203,0.3895373344421386,0.3993563950061798,0.407599538564682,0.4139532446861267,0.4177074432373047,0.4212502539157867,0.4238540530204773,0.4259180426597595,0.42645925283432,0.4244546294212341,0.4186404347419739,0.4048580527305603,0.3696935474872589,0.2927269041538238,0.1495475471019745,0.0167534444481134
168,3e-05,0.4943849109686338,0.6710490124921004,0.4121837913990021,0.3861182928085327,0.3648224771022796,0.3461559116840362,0.3290463984012604,0.3132138252258301,0.2987118363380432,0.2834331095218658,0.2668389678001404,0.2484228909015655,0.2274940758943557,0.201088547706604,0.1657360941171646,0.1189327761530876,0.0503480844199657,0.0019241529516875
169,3e-05,0.4980715522399315,0.6143085683385531,0.2856239974498749,0.2993291020393371,0.3102948367595672,0.3194510042667389,0.3275861442089081,0.3352794051170349,0.3424351215362549,0.3490967154502868,0.3566536605358124,0.3642827570438385,0.3727776110172272,0.3822451829910278,0.3915086090564728,0.3987943530082702,0.3856762647628784,0.2454777061939239
170,3e-05,0.5037900649584257,0.699055889621377,0.2700704038143158,0.2758954465389251,0.280130535364151,0.2836218178272247,0.2866556942462921,0.2895358800888061,0.292542815208435,0.295392781496048,0.2982880771160126,0.3006540834903717,0.3032895624637604,0.3063839673995971,0.3094544112682342,0.3106970489025116,0.3058057129383087,0.2194663882255554
171,3e-05,0.5073347096259777,0.6110177741696438,0.47880819439888,0.4818955659866333,0.4835645258426666,0.483223408460617,0.481335312128067,0.4774146974086761,0.4717975556850433,0.4650149047374725,0.4576282799243927,0.4483834207057953,0.4369122982025146,0.4231799840927124,0.4037292003631592,0.3687895238399505,0.2963348925113678,0.1011002510786056
172,3e-05,0.4931054431658525,0.6896622863908609,0.2800482511520386,0.2854381799697876,0.2883166968822479,0.2905026972293854,0.2930479347705841,0.2957048118114471,0.2982548475265503,0.3007311820983886,0.3029869496822357,0.3056623339653015,0.3088633716106415,0.3124170303344726,0.31590536236763,0.3179203271865845,0.3158414661884308,0.2614322602748871
173,3e-05,0.4997199219006758,0.5706740294893583,0.417031317949295,0.4294848144054413,0.4383440315723419,0.4456162750720978,0.4514279663562774,0.4567849636077881,0.4622861444950104,0.4679022133350372,0.4717357456684112,0.474009245634079,0.4762256443500519,0.4794002473354339,0.4812215268611908,0.4810046255588531,0.4559201896190643,0.3145393133163452
174,3e-05,0.4855582365622887,0.5893771983683109,0.4291601777076721,0.4370456337928772,0.4423310756683349,0.4466646909713745,0.4501293301582336,0.4526380002498626,0.4548642039299011,0.4566991329193115,0.4573377966880798,0.4578965604305267,0.4572909474372864,0.4550982117652893,0.4504618346691131,0.4386163651943207,0.403848260641098,0.248564213514328
175,3e-05,0.4915918483183934,0.5671619375546774,0.4463928639888763,0.4550950229167938,0.4622853994369507,0.4672416150569916,0.4720330536365509,0.4762608706951141,0.4803476929664612,0.4832493662834167,0.4851859509944916,0.4881555438041687,0.4916854500770569,0.4933870136737823,0.4910869598388672,0.4805486500263214,0.4254994690418243,0.1853512823581695
176,3e-05,0.4904189508694869,0.7189683672040701,0.2889610528945923,0.2949600517749786,0.2998238503932953,0.303847998380661,0.3074537217617035,0.3107668161392212,0.3139485716819763,0.3170391619205475,0.3201509118080139,0.3232730627059936,0.32649827003479,0.3302640616893768,0.3353016674518585,0.343402236700058,0.3576760590076446,0.3712862432003021
177,3e-05,0.4933458740894611,0.6679919883608818,0.2871845960617065,0.2949981689453125,0.3003071844577789,0.3043084144592285,0.3072414100170135,0.3101536929607391,0.312645822763443,0.3149328529834747,0.3169345259666443,0.3189508020877838,0.3211391568183899,0.3241178691387176,0.3265579342842102,0.3253083825111389,0.3151866793632507,0.2657048106193542
178,3e-05,0.486550734593318,0.6363519765436649,0.3046090602874756,0.3142182528972626,0.3223463296890259,0.3294248282909393,0.3357672691345215,0.3419646620750427,0.3479158878326416,0.3541534543037414,0.3605014681816101,0.367661714553833,0.3760910928249359,0.3844814896583557,0.3946995735168457,0.4097857773303985,0.4250869452953338,0.417683869600296
179,3e-05,0.4968252182006836,0.6621385080118974,0.4101332426071167,0.4017549157142639,0.3887341618537903,0.3743563890457153,0.3593091070652008,0.3449386656284332,0.3297689259052276,0.3141279220581054,0.2969183027744293,0.2771800756454468,0.2511277198791504,0.2195003181695938,0.1810900270938873,0.1306353062391281,0.0627550333738327,0.003595424350351
180,3e-05,0.4913796213956979,0.6287070326507092,0.3268998861312866,0.332394927740097,0.3357106745243072,0.3375783860683441,0.3386394381523132,0.3398348689079284,0.3406855762004852,0.3414411842823028,0.3422166109085083,0.3435884714126587,0.344987154006958,0.346369981765747,0.3477845191955566,0.3484098613262176,0.3419847786426544,0.285454124212265
181,3e-05,0.488199055653352,0.6930104071895281,0.2842048704624176,0.2735470831394195,0.2622559368610382,0.2514637112617492,0.242155447602272,0.2347502410411834,0.2270399928092956,0.2193984091281891,0.2112352848052978,0.200913205742836,0.1886768490076065,0.172951340675354,0.1515028923749923,0.1169342547655105,0.0605193823575973,0.0033078766427934
182,3e-05,0.4964692179973309,0.594857690234979,0.4081153869628906,0.4129427969455719,0.417151004076004,0.4194905757904053,0.4214810132980346,0.4226759970188141,0.4235188961029053,0.4230966866016388,0.4220978021621704,0.4205851256847381,0.4188119769096374,0.4154712259769439,0.4073474109172821,0.3870814740657806,0.323149025440216,0.0897960811853408
183,3e-05,0.4959364395875197,0.5736555978655815,0.4387119710445404,0.4503235518932342,0.4605208337306976,0.4683367013931274,0.4734491109848022,0.4770188629627228,0.4802840650081634,0.4830624163150787,0.4857837855815887,0.488808125257492,0.4917157888412475,0.4932630062103271,0.4905202984809875,0.4748987555503845,0.4258692562580108,0.2648810148239136
184,3e-05,0.4869593322277069,0.5894167187313238,0.4116807878017425,0.4197447896003723,0.4247660040855407,0.4284321069717407,0.4305048286914825,0.4319651424884796,0.4336446821689605,0.4350410103797912,0.4354070425033569,0.4353083670139313,0.4336282312870025,0.4274981021881103,0.4179927706718445,0.3938085734844208,0.3336325883865356,0.117683008313179
185,3e-05,0.4821701430357419,0.6150665568808714,0.319779634475708,0.3292238414287567,0.3358540534973144,0.3410080969333648,0.3455145955085754,0.3495338559150696,0.3526981472969055,0.3556851744651794,0.3589982390403747,0.3626270592212677,0.3664906919002533,0.3710305690765381,0.3767335116863251,0.3821108341217041,0.3841512203216553,0.3138853311538696
186,3e-05,0.4900561043849358,0.6204485539346933,0.3945738673210144,0.3990781307220459,0.4011247754096985,0.4021421670913696,0.4012033641338348,0.4009098708629608,0.401010662317276,0.4011032879352569,0.4001702070236206,0.3987992405891418,0.3954742848873138,0.38764488697052,0.3737209141254425,0.3494927585124969,0.2989181280136108,0.1534682810306549
187,3e-05,0.4928321801699125,0.8504736510415872,0.2581857144832611,0.2607720792293548,0.2629608809947967,0.2650131285190582,0.2669469118118286,0.2687391936779022,0.2704769968986511,0.2721953690052032,0.2740691006183624,0.2762946486473083,0.2790203392505646,0.2826437354087829,0.2875589430332184,0.2949026525020599,0.3058696389198303,0.3183048367500305
188,3e-05,0.49387518121646,0.6184644022335609,0.3166644871234894,0.3258462846279144,0.3330997228622436,0.339466243982315,0.3450550138950348,0.3505028784275055,0.3558452427387237,0.3611018657684326,0.3661374449729919,0.3708755671977997,0.3750011324882507,0.3790574073791504,0.3842722475528717,0.3888563513755798,0.378122329711914,0.2498096972703933
189,3e-05,0.4935710453070127,0.6464863382279873,0.3843429386615753,0.3784585297107696,0.37016361951828,0.3606427013874054,0.3503866195678711,0.3400888442993164,0.330210268497467,0.3193910419940948,0.3083394169807434,0.2948754131793976,0.2798984348773956,0.261424720287323,0.2387464344501495,0.2051729261875152,0.1490935683250427,0.0509743653237819
190,3e-05,0.4928627701906057,0.6258215134342512,0.4411607384681701,0.4428604543209076,0.4416750967502594,0.4392300844192505,0.4355889856815338,0.4307797849178314,0.4250253736972809,0.4190174639225006,0.4129305779933929,0.4055856168270111,0.3955695033073425,0.3810763657093048,0.3577284216880798,0.3206479251384735,0.2523232698440552,0.082576647400856
191,3e-05,0.4843251939003284,0.6145640276372433,0.3663931787014007,0.3713715970516205,0.3743349313735962,0.3754134774208069,0.3761067390441894,0.3753203749656677,0.3733173608779907,0.3710003197193146,0.3678022921085357,0.3642476201057434,0.3597923219203949,0.3523705601692199,0.3373878598213196,0.3069632053375244,0.2392859905958175,0.0757551193237304
192,3e-05,0.4927211834834172,0.606386503825585,0.3677285611629486,0.3769111037254333,0.3831787705421448,0.3878005146980285,0.3907866477966308,0.3922392129898071,0.3921405971050262,0.3922078013420105,0.3925784826278686,0.3936165869235992,0.3917928040027618,0.3861754238605499,0.3745879530906677,0.3493480086326599,0.283701479434967,0.0749051943421363
193,3e-05,0.4985496044158936,0.85726473107934,0.2400931268930435,0.2421928346157074,0.2441851496696472,0.2461398988962173,0.2480562180280685,0.249853566288948,0.251519501209259,0.2532989382743835,0.2552845776081085,0.2574823498725891,0.2601694464683532,0.2636196315288543,0.2678579092025757,0.2733691036701202,0.2802145481109619,0.2750680148601532
194,3e-05,0.5022325786260459,0.5940060211966435,0.3795439898967743,0.3878790736198425,0.3932137489318847,0.3966103792190552,0.398684024810791,0.4000883996486664,0.4009709656238556,0.4011263251304626,0.4019763171672821,0.4029873311519623,0.4039540886878967,0.4037166237831116,0.3994878232479095,0.389851301908493,0.3543182015419006,0.2377991080284118
195,3e-05,0.4911268422236809,0.6134210905681053,0.4857744872570038,0.4841232597827911,0.4786560535430908,0.4750945568084717,0.4697781503200531,0.4607664346694946,0.4496912658214569,0.4373478889465332,0.4215034246444702,0.4017246067523956,0.3769833743572235,0.3474518954753876,0.31026291847229,0.2471904754638672,0.1358146220445633,0.0150440214201807
196,3e-05,0.4903409082155961,0.6711318033436934,0.4020017087459564,0.3788627386093139,0.3606337606906891,0.3427782356739044,0.3260990381240845,0.308070033788681,0.2895395159721374,0.272206574678421,0.253421276807785,0.233743667602539,0.2093385010957718,0.1789345294237136,0.1453470289707183,0.1015416830778122,0.048074435442686,0.0029026512056589
197,3e-05,0.4839015818559206,0.5682597973694404,0.4535723924636841,0.4716825485229492,0.4868878722190857,0.4975371658802032,0.5064268708229065,0.5129318833351135,0.517489492893219,0.5194376707077026,0.520027220249176,0.5197510719299316,0.5168638229370117,0.510641872882843,0.4976957440376282,0.4726231098175049,0.4110059440135956,0.2194568067789077
198,2.9999999999999997e-05,0.48717271960698644,0.6571829927464327,0.3029342591762543,0.3081536889076233,0.31206998229026794,0.31496793031692505,0.3174651563167572,0.3201341927051544,0.3229717016220093,0.3257189393043518,0.32789087295532227,0.33026444911956787,0.33260926604270935,0.3343813419342041,0.33495137095451355,0.3331262469291687,0.32868239283561707,0.31119462847709656
