epoch,lr,loss_train,loss_val,fbeta_best,threshold_best,accuracy
1,3.0000000000000004e-07,1.6068650622700535,0.978066235780716,0.2379152029752731,0.4399999999999998,0.8412160068034186
2,3.27e-06,1.455114023630009,0.82569461138919,0.2759069204330444,0.5999999999999998,0.6013756106170561
3,6.24e-06,1.350410863410595,0.805886930366978,0.3282488584518432,0.6699999999999997,0.5811640001985103
4,9.209999999999998e-06,1.3165921092957489,0.8005534099414945,0.3218133151531219,0.6399999999999997,0.5890850046914469
5,1.218e-05,1.2851171197817308,0.7525741660036147,0.3950065374374389,0.7099999999999996,0.7044558220961643
6,1.515e-05,1.2426160426102868,0.7797822088934481,0.3925838470458984,0.6999999999999996,0.800728424606547
7,1.812e-05,1.215148466502049,0.7093880227999761,0.4447756111621856,0.7399999999999997,0.8014376547361599
8,2.109e-05,1.1564459019853164,0.7048161091981455,0.4515246152877807,0.8199999999999996,0.7305374859058663
9,2.406e-05,1.109300690103871,0.7301570451119914,0.4992979764938354,0.9199999999999996,0.7392529949852981
10,2.703e-05,1.100999889909759,0.7650419351062737,0.4665235877037048,0.8999999999999996,0.6514623430045304
11,3e-05,1.0699547829554064,0.7073123066918925,0.4906863570213318,0.8199999999999996,0.6824154453360028
12,3e-05,1.032338394675144,0.6433502647094429,0.534038782119751,0.7899999999999996,0.8015658367662288
13,3e-05,1.0300263466761097,0.6777472900808789,0.5586840510368347,0.8999999999999996,0.7264144581914748
14,3e-05,1.003792332586392,0.8399108567275106,0.5311366319656372,0.9599999999999996,0.6691119155798325
15,3e-05,0.9843576518140098,0.6837637303513475,0.471983253955841,0.6999999999999996,0.8644761597451653
16,3e-05,0.9784995978192764,0.6146813511382788,0.5351760387420654,0.8399999999999996,0.7984034018637953
17,3e-05,0.9529974395914595,0.6701332653523423,0.5662657022476196,0.9099999999999996,0.7411618219922748
18,3e-05,0.9439119752063309,0.6730998638668098,0.5743291974067688,0.9199999999999996,0.7445906044000925
19,3e-05,0.9224688826605332,0.6685110659804195,0.5668379664421082,0.9099999999999996,0.7356117602281556
20,3e-05,0.9325387847515964,0.5744719890644774,0.6064733862876892,0.8299999999999996,0.8477143993142512
21,3e-05,0.909564315810684,0.6111208737595006,0.5431408286094666,0.9199999999999996,0.8234994466622368
22,3e-05,0.9042296257129936,0.6016397160477936,0.5209609270095825,0.8699999999999996,0.7985654735387528
23,3e-05,0.8777469378109126,0.580643393844366,0.5831211805343628,0.8699999999999996,0.8283381155387788
24,3e-05,0.8751740820648134,0.5722098757978529,0.5696762204170227,0.8899999999999996,0.8301497922304079
25,3e-05,0.871376330076262,0.5622851375490427,0.6181718111038208,0.8699999999999996,0.8270766676457009
26,3e-05,0.8663751321245533,0.599532218836248,0.5383901596069336,0.8599999999999995,0.8463036052595957
27,3e-05,0.8430772049482479,0.686709386203438,0.6051399111747742,0.9499999999999996,0.734111308269672
28,3e-05,0.8401454243549081,0.5917383035644889,0.62724769115448,0.9199999999999996,0.7787711209246254
29,3e-05,0.8140433370604996,0.768664790969342,0.5925615429878235,0.9699999999999996,0.7237916120908212
30,3e-05,0.8416501565497051,0.5964425575453788,0.6005013585090637,0.8499999999999996,0.88105286919775
31,3e-05,0.8122507056524587,0.6132271965965629,0.5748724341392517,0.9399999999999996,0.8123696431430049
32,3e-05,0.8277265281640283,0.628186524938792,0.6191763281822205,0.9299999999999996,0.7522023731247971
33,3e-05,0.7940726922464001,0.5433238755445927,0.6059581637382507,0.8399999999999996,0.8681749586227712
34,3e-05,0.8151392488516578,0.5821213284507394,0.6356822848320007,0.9499999999999996,0.806115005040964
35,3e-05,0.8015250628308732,0.5168778383173048,0.6544046998023987,0.8899999999999996,0.8435291536877051
36,3e-05,0.7848681715107704,0.5661302874330432,0.6217764616012573,0.9299999999999996,0.8109530946073368
37,3e-05,0.786622520103011,0.5099959873594344,0.675783634185791,0.8799999999999996,0.8498706496944235
38,3e-05,0.793461938237035,0.5587606526911258,0.5712749361991882,0.8599999999999995,0.8547784688948095
39,3e-05,0.7732287608375845,0.5490155606530607,0.6203513145446777,0.9299999999999996,0.8268633463311225
40,3e-05,0.7610411911971809,0.5409143846482038,0.6850275993347168,0.9399999999999996,0.8149146106466009
41,3e-05,0.7733168232348538,0.5993507895385847,0.6637675166130066,0.9499999999999996,0.7825588052925004
42,3e-05,0.7459348537201105,0.5310316695831716,0.6399284601211548,0.8999999999999996,0.825022993786126
43,3e-05,0.7495464576307194,0.558376547973603,0.6442007422447205,0.9499999999999996,0.8211765480567716
44,3e-05,0.7447688856790232,0.5293563636252656,0.6125853061676025,0.9199999999999996,0.853291128656485
45,3e-05,0.7442281079846759,0.5387621976668016,0.679175078868866,0.9399999999999996,0.8241457443971534
46,3e-05,0.7232877723006315,0.5549867508932949,0.6135114431381226,0.7999999999999996,0.8884747400490444
47,3e-05,0.7315913461899572,0.5409014658071101,0.6381784081459045,0.8299999999999996,0.8966282796438324
48,3e-05,0.7108748910963073,0.5262478284537793,0.635434091091156,0.9099999999999996,0.8605228699103016
49,3e-05,0.708403980085092,0.5033650705590844,0.6540117859840393,0.9299999999999996,0.8710888308420099
50,3e-05,0.7076683127602865,0.4590191816911101,0.6815729141235352,0.8399999999999996,0.9021922448520084
51,3e-05,0.7138193282046059,0.672664446849376,0.5950624346733093,0.9599999999999996,0.7567326365776827
52,3e-05,0.6914767142414122,0.4649451095145195,0.6948479413986206,0.9299999999999996,0.8561683112316849
53,3e-05,0.6782632340756498,0.5109161835163831,0.6330353617668152,0.9099999999999996,0.8667037232071461
54,3e-05,0.6751252500585807,0.4482068951241672,0.7197049856185913,0.9299999999999996,0.8672797699288974
55,3e-05,0.6815107199110726,0.4888920259661972,0.6852654814720154,0.9499999999999996,0.8592855985616115
56,3e-05,0.6784768284753312,0.4927909575402737,0.729328989982605,0.9499999999999996,0.8403636098206977
57,3e-05,0.6773292161235513,0.4811206562444567,0.7092999219894409,0.9099999999999996,0.8681622331093913
58,3e-05,0.6674487738646278,0.4954248707741499,0.7080080509185791,0.9499999999999996,0.8499321724343752
59,3e-05,0.6467525993668756,0.4449334600940346,0.7200868129730225,0.9199999999999996,0.8600472176408444
60,3e-05,0.6360251811123634,0.4727635485120117,0.7140264511108398,0.9399999999999996,0.8568122144845693
61,3e-05,0.6684401594391165,0.4454679829534143,0.7170657515525818,0.8799999999999996,0.8763768513063348
62,3e-05,0.6626438463843146,0.4717515856260433,0.7374311685562134,0.8999999999999996,0.8991802374901349
63,3e-05,0.6436221849086673,0.456245581805706,0.7173600792884827,0.9299999999999996,0.8605068230186192
64,3e-05,0.6327916328297105,0.5998511307872831,0.7097410559654236,0.9799999999999996,0.814348547370096
65,3e-05,0.6155854230241258,0.4538953794166446,0.7161603569984436,0.8799999999999996,0.9144101666617426
66,3e-05,0.6319168235442435,0.4193000474944711,0.7414234280586243,0.9299999999999996,0.8728364744496215
67,3e-05,0.634996340025303,0.4681004915386438,0.6924876570701599,0.9299999999999996,0.8622774652399415
68,3e-05,0.6210574898146843,0.4817311671562493,0.7342163324356079,0.8199999999999996,0.9209510998493214
69,3e-05,0.6110033044057299,0.3991200370481237,0.7433047294616699,0.9199999999999996,0.8915531749769676
70,3e-05,0.6328185362409252,0.4104874497279525,0.7456471920013428,0.9099999999999996,0.8870739101292963
71,3e-05,0.6155464078566825,0.451756825344637,0.7386443018913269,0.9399999999999996,0.853406681724869
72,3e-05,0.6074673484924228,0.4475827337708324,0.7426528930664062,0.8199999999999996,0.9308049920315886
73,3e-05,0.5894114023955294,0.4391929612495005,0.7390266060829163,0.8599999999999995,0.9121450059697912
74,3e-05,0.5861687096514443,0.4374473616480827,0.7145152688026428,0.8999999999999996,0.900221354415589
75,3e-05,0.5856802611387977,0.3790832775179297,0.7650082111358643,0.9199999999999996,0.9018832021871662
76,3e-05,0.6037432315737702,0.528830211632885,0.746849775314331,0.9799999999999996,0.8251232916867253
77,3e-05,0.5809665525606437,0.3866820906288922,0.7587629556655884,0.9399999999999996,0.901832203581952
78,3e-05,0.5938617097314938,0.4496140211820602,0.7563546895980835,0.9599999999999996,0.8577942031521039
79,3e-05,0.5664017669452254,0.4098222437314689,0.7273206114768982,0.8799999999999996,0.9094674536788416
80,3e-05,0.5699386402618053,0.4545424519805238,0.7043575644493103,0.9399999999999996,0.8860144097611447
81,3e-05,0.5683108923971191,0.454441796336323,0.7492870092391968,0.9299999999999996,0.885425289939912
82,3e-05,0.5687525769074758,0.4096953467931598,0.7667235732078552,0.9299999999999996,0.8871152728753655
83,3e-05,0.5753412949022396,0.4249541983706876,0.7412757277488708,0.8599999999999995,0.917967246961663
84,3e-05,0.5556835548360218,0.397666669008322,0.7830069065093994,0.8199999999999996,0.9356134402276456
85,3e-05,0.5660635697287183,0.3956086595542729,0.7696982026100159,0.9399999999999996,0.8857704236282853
86,3e-05,0.542242673709411,0.4015957280993462,0.77680903673172,0.9699999999999996,0.8793258490321562
87,3e-05,0.5327856686226157,0.3843619005288928,0.7891139388084412,0.9599999999999996,0.8842103413430689
88,3e-05,0.5499856813933498,0.3721893114736304,0.7819923758506775,0.8899999999999996,0.920240402133947
89,3e-05,0.5405886515166408,0.392634593998082,0.7836079001426697,0.8799999999999996,0.926358303725756
90,3e-05,0.5564453763555187,0.381887919048313,0.7752341628074646,0.9399999999999996,0.8990220278829708
91,3e-05,0.5389100227707116,0.3455202259588986,0.786321222782135,0.9299999999999996,0.9100259086817932
92,3e-05,0.5176728943059611,0.4006253757979721,0.7867210507392883,0.9599999999999996,0.8901516691953556
93,3e-05,0.5439851256304009,0.3545752844074741,0.7730219960212708,0.9299999999999996,0.9181957075819922
94,3e-05,0.5242163042227427,0.372712810151279,0.7816200852394104,0.8999999999999996,0.9192510176065878
95,3e-05,0.5122581995272821,0.3773705516010522,0.7795870900154114,0.9399999999999996,0.8859737228769393
96,3e-05,0.5298813491366631,0.4002233210019767,0.7762261033058167,0.9699999999999996,0.8824699004918922
97,3e-05,0.5173650397810825,0.3671165550069418,0.7829282879829407,0.9299999999999996,0.9122139052592289
98,3e-05,0.5246718574401944,0.3608827787451446,0.7898101210594177,0.8999999999999996,0.928747687828288
99,3e-05,0.507834678010423,0.3648814823012799,0.7756511569023132,0.9199999999999996,0.9059181747558642
100,3e-05,0.4950650717860969,0.371538243710529,0.7874887585639954,0.9399999999999996,0.9011299058640284
101,3e-05,0.5190491200417511,0.3411946758395061,0.7836974859237671,0.9099999999999996,0.9221214029424708
102,3e-05,0.4996363134809242,0.3461751909460872,0.7965860366821289,0.9599999999999996,0.9043628235036948
103,3e-05,0.4997220716273138,0.3511670989333652,0.8120015263557434,0.9299999999999996,0.8902420802024033
104,3e-05,0.5042421124702277,0.3451161007978953,0.8311774730682373,0.9299999999999996,0.9246442214872708
105,3e-05,0.5163534168125123,0.3644843818969093,0.7994334101676941,0.8599999999999995,0.936470433071041
106,3e-05,0.4935542324254679,0.3679785322397947,0.777309000492096,0.9599999999999996,0.9079534458624028
107,3e-05,0.4967679954314417,0.3597237171139568,0.7834212183952332,0.9599999999999996,0.9032727934896352
108,3e-05,0.4740153162978416,0.3457448307890445,0.8109459280967712,0.9399999999999996,0.9050720922539858
109,3e-05,0.4815985699032628,0.3666347929509356,0.7973843812942505,0.9799999999999996,0.8984061632422677
110,3e-05,0.5046989268572756,0.3194744093692861,0.808724045753479,0.9599999999999996,0.9139327185307612
111,3e-05,0.4749531166035999,0.345430309488438,0.8013529777526855,0.9499999999999996,0.8990420333941416
112,3e-05,0.4921729310538417,0.3694513403053861,0.8025854229927063,0.8599999999999995,0.9429513497251076
113,3e-05,0.4877540725608205,0.3102992888132576,0.8248116970062256,0.9399999999999996,0.9258502487075108
114,3e-05,0.4579601772995882,0.2957238445989787,0.8366338014602661,0.9499999999999996,0.9280187225322496
115,3e-05,0.4669053986553074,0.3144031931646168,0.8278982639312744,0.8999999999999996,0.9272168993272856
116,3e-05,0.4619274790896925,0.3285187516361475,0.8048302531242371,0.9299999999999996,0.9228231213502252
117,3e-05,0.4571547413519186,0.352493261359632,0.7876671552658081,0.9399999999999996,0.9145643597184012
118,3e-05,0.4575362383395202,0.3000932350754738,0.831911027431488,0.9499999999999996,0.9226138745171693
119,3e-05,0.4554473436618036,0.3474116808269173,0.7923135161399841,0.9399999999999996,0.9262258154900974
120,3e-05,0.4634243765080622,0.3749059460591525,0.7944530248641968,0.8599999999999995,0.9414399294940904
121,3e-05,0.4644752227982809,0.3288881369866431,0.8136141896247864,0.9599999999999996,0.9108445898126762
122,3e-05,0.456033612406531,0.3145574732683599,0.8293533325195312,0.9499999999999996,0.9262638375475252
123,3e-05,0.4419964436412781,0.307979115890339,0.8121434450149536,0.9099999999999996,0.9275725957710744
124,3e-05,0.4457509568495343,0.3039364240597934,0.8299659490585327,0.9299999999999996,0.9352567975772476
125,3e-05,0.444459899913433,0.3205932176439091,0.8020829558372498,0.8999999999999996,0.9307683410082276
126,3e-05,0.4350377653920373,0.3226891253842041,0.8244534730911255,0.9699999999999996,0.9175855008706066
127,3e-05,0.4410269992758137,0.2909533907077275,0.8357580900192261,0.9299999999999996,0.9269053076976996
128,3e-05,0.4383362129677173,0.3073374236933887,0.8202022314071655,0.9399999999999996,0.9209852791492946
129,3e-05,0.446576189394145,0.3408246297389269,0.7967002391815186,0.9699999999999996,0.9048859405863352
130,3e-05,0.4359894445700238,0.3038174576358869,0.8223251104354858,0.9299999999999996,0.936542653738781
131,3e-05,0.4517173464446105,0.3531163890962489,0.82942795753479,0.9799999999999996,0.8971588312069754
132,3e-05,0.4314174739889396,0.3418479129148181,0.8097215294837952,0.9699999999999996,0.9037122581838664
133,3e-05,0.4433051784371221,0.3055995737668127,0.8004822134971619,0.9199999999999996,0.9287401954167684
134,3e-05,0.4229251920252807,0.2768173414748162,0.8355963230133057,0.9399999999999996,0.9354383920049018
135,3e-05,0.4345153676447018,0.3212691995082423,0.8017528653144836,0.9599999999999996,0.92688416287653
136,3e-05,0.4200361902399581,0.2680138948839158,0.8450278639793396,0.9499999999999996,0.9321939654032104
137,3e-05,0.4253906780897185,0.3001269270898774,0.8175056576728821,0.8999999999999996,0.938374876631072
138,3e-05,0.422433187564214,0.2999781364109367,0.8302577137947083,0.9199999999999996,0.9290887277248
139,3e-05,0.4147416581941205,0.2984119922912214,0.8245546221733093,0.9199999999999996,0.935595172646982
140,3e-05,0.4246795390003411,0.2879135701572523,0.8218748569488525,0.9499999999999996,0.9251448613353525
141,3e-05,0.4109732390836227,0.3305021649284754,0.8034804463386536,0.9599999999999996,0.9049051543736084
142,3e-05,0.4180137653683507,0.3092492294381372,0.836919903755188,0.9599999999999996,0.9168000142124096
143,3e-05,0.410559694665347,0.3452117439708672,0.8134424090385437,0.9699999999999996,0.8954981999867531
144,3e-05,0.3942046874715376,0.2940134896431118,0.8329238891601562,0.9399999999999996,0.9309567133648594
145,3e-05,0.4385569479114325,0.2910747833782807,0.8362269401550293,0.9299999999999996,0.9309508816424912
146,3e-05,0.3995774113392645,0.2925760929938406,0.8648512363433838,0.8699999999999996,0.9599098052687488
147,3e-05,0.3969387481378954,0.3076806249213405,0.8345088362693787,0.9599999999999996,0.9105576381756132
148,3e-05,0.3958512898101363,0.2772765398491174,0.8451303243637085,0.9399999999999996,0.928498584455602
149,3e-05,0.3969067628531493,0.2889295257627964,0.8393784165382385,0.9499999999999996,0.9205226034276238
150,3e-05,0.4112409524215284,0.3057730222819373,0.8414046764373779,0.9499999999999996,0.9070443730348108
151,3e-05,0.3863363321437392,0.2530415036017075,0.8541923761367798,0.9099999999999996,0.9421616147923376
152,3e-05,0.4170224779798079,0.277528803225141,0.8316515684127808,0.9499999999999996,0.9306468403554417
153,3e-05,0.3935059156528739,0.2873138031340204,0.8335465788841248,0.9199999999999996,0.9437841467137762
154,3e-05,0.3861570027909538,0.2726730719266925,0.8334918022155762,0.9399999999999996,0.9343660309509976
155,3e-05,0.3829609705496204,0.2880436415667645,0.8311890363693237,0.9399999999999996,0.9207912295530062
156,3e-05,0.3971547539844069,0.318851317174267,0.8258355259895325,0.9699999999999996,0.9126639133985366
157,3e-05,0.4057290778141613,0.2691817409344367,0.8507601022720337,0.9499999999999996,0.9341333606767732
158,3e-05,0.3848830489225165,0.2991356009151786,0.831877589225769,0.9499999999999996,0.9257936307936568
159,3e-05,0.3797395095344661,0.3004426029510796,0.8116465210914612,0.9499999999999996,0.9329200341484034
160,3e-05,0.3789406337941339,0.3205184598977212,0.8027645349502563,0.9699999999999996,0.9252689109528822
161,3e-05,0.3846219394558159,0.3032404376121121,0.8170903921127319,0.9499999999999996,0.9270003145654218
162,3e-05,0.3811919437360394,0.3524434802355244,0.8208986520767212,0.9799999999999996,0.9066352062624202
163,3e-05,0.3776213358076968,0.3353014094755053,0.7972919344902039,0.9599999999999996,0.9070915288825704
164,3e-05,0.3719776827235554,0.3071730035997461,0.8311468958854675,0.9699999999999996,0.914024944709672
165,3e-05,0.3794052395247674,0.2742839298676699,0.8224129676818848,0.9399999999999996,0.933194607858188
166,3e-05,0.3603215919908627,0.2376162474800366,0.864514172077179,0.9499999999999996,0.9421910051282468
167,3e-05,0.3611239033151966,0.2830003303533885,0.8390745520591736,0.9699999999999996,0.9228447103091914
168,3e-05,0.3757690741110218,0.259829083061777,0.8436370491981506,0.9399999999999996,0.9343535371616852
169,3e-05,0.3763681169628173,0.2784487348224502,0.8467479348182678,0.9499999999999996,0.9172451368359584
170,3e-05,0.3626990520445875,0.2910470476934279,0.8209388852119446,0.9699999999999996,0.927848946032044
171,3e-05,0.3588849405447642,0.2640103901503607,0.841559886932373,0.9199999999999996,0.943866022551
172,3e-05,0.3625769164673117,0.2896206409088336,0.8470483422279358,0.9399999999999996,0.93725719421161
173,3e-05,0.3624546383471452,0.27698966479511,0.8541458249092102,0.9299999999999996,0.9467517789167016
174,3e-05,0.361085710483928,0.253054565214552,0.8537240624427795,0.9399999999999996,0.9437827949900484
175,3e-05,0.3477727479712907,0.328996038204059,0.8283675312995911,0.9799999999999996,0.913262862182304
176,3e-05,0.3522997200489044,0.2682392031594645,0.8424292206764221,0.9599999999999996,0.93433511509831
177,3e-05,0.3676029481860094,0.2934288635384291,0.8329418897628784,0.9699999999999996,0.9265621436639012
178,3e-05,0.3719437937865885,0.2661042585023097,0.8714656829833984,0.8299999999999996,0.9652741981236916
179,3e-05,0.3515673316726388,0.261589025327703,0.844837486743927,0.9399999999999996,0.9470566698586655
180,3e-05,0.3474532006553901,0.2802347486838698,0.8333239555358887,0.9499999999999996,0.9376377044409724
181,3e-05,0.3315685883510944,0.2424155764863826,0.8661717772483826,0.9599999999999996,0.9437372225900842
182,3e-05,0.360515412434127,0.2554326658602804,0.8759828805923462,0.8899999999999996,0.9590557669072156
183,3e-05,0.3522462770920391,0.2941006640088744,0.8356516361236572,0.9799999999999996,0.9185398371327392
184,3e-05,0.3452218844909076,0.2974391101393848,0.826132595539093,0.9699999999999996,0.926710196032768
185,3e-05,0.3423526068759519,0.2451719652628526,0.8658438324928284,0.9499999999999996,0.9464195445347588
186,3e-05,0.3436919264784155,0.2454207871051039,0.8603681325912476,0.8999999999999996,0.9577988955644732
187,3e-05,0.3458644024623457,0.2268157700193114,0.8744129538536072,0.9099999999999996,0.9572627440030294
188,3e-05,0.3388919742532478,0.2590242189937271,0.865343451499939,0.9499999999999996,0.943577931603938
189,3e-05,0.3620472870362821,0.2799366162682418,0.8241373300552368,0.9299999999999996,0.932923954147214
190,3e-05,0.3411710352398628,0.2453484106110409,0.8477897644042969,0.9499999999999996,0.9370810646098838
191,3e-05,0.3478788154762844,0.2671781751618255,0.8730762004852295,0.9099999999999996,0.9534857575629424
192,3e-05,0.3400442414274511,0.2365866424166597,0.8703790903091431,0.9399999999999996,0.9529666377204684
193,3e-05,0.3337529447189597,0.2478518679388798,0.8593764901161194,0.9499999999999996,0.9395666335108148
194,3e-05,0.3175434149050897,0.2466114287090022,0.8428130149841309,0.9499999999999996,0.9356056195403636
195,3e-05,0.3350918187882549,0.2849652017117478,0.8268699645996094,0.9699999999999996,0.9373279666039274
196,3e-05,0.3231266464373862,0.2866599238943308,0.8160947561264038,0.9599999999999996,0.9323550522508808
197,3e-05,0.3202073466639186,0.280089657130884,0.8283909559249878,0.9699999999999996,0.9254167509080204
198,3e-05,0.3272202241328336,0.2521550920151639,0.8523173332214355,0.9499999999999996,0.9456269902924996
199,3e-05,0.3289994141159131,0.2440737623779569,0.8506421446800232,0.9499999999999996,0.9446092002565184
200,3e-05,0.3251155982183855,0.2488300569471903,0.8607682585716248,0.9499999999999996,0.9450683228758192
201,3e-05,0.3315681987261587,0.3008519188617356,0.8407081365585327,0.9599999999999996,0.9453566841676267
202,3e-05,0.3231987978598868,0.2463923051953315,0.872399091720581,0.9599999999999996,0.94322296895303
203,3e-05,0.3185105752344279,0.2584227899380494,0.875579833984375,0.9699999999999996,0.9482695715595784
204,3e-05,0.3393887910963029,0.2595256773754954,0.8568627238273621,0.9499999999999996,0.9391009453762648
205,3e-05,0.3237005002045816,0.2731165881385095,0.8444255590438843,0.9699999999999996,0.9344755591936236
206,3e-05,0.3263966338348019,0.26796229386091,0.8592652678489685,0.8999999999999996,0.9584262691672012
207,3e-05,0.3254385284444158,0.2338401514891302,0.8720046281814575,0.9299999999999996,0.9491102278562068
208,3e-05,0.307600271794223,0.2685918821254745,0.834809422492981,0.9499999999999996,0.939335952201504
209,3e-05,0.3092989520740139,0.2522583374578971,0.8695757389068604,0.9099999999999996,0.9595029750473733
210,3e-05,0.3149892289278119,0.2184500480885617,0.8872281312942505,0.9199999999999996,0.9572903577877536
211,3e-05,0.3165715769972912,0.2559667637659004,0.8539537787437439,0.9399999999999996,0.947510057307293
212,3e-05,0.3192647901154303,0.2301860812804079,0.8844279050827026,0.9599999999999996,0.9458436522957192
213,3e-05,0.3098729643248772,0.2205231119005475,0.8911823034286499,0.9299999999999996,0.9619912473957594
214,3e-05,0.3146963825290517,0.251157072361093,0.8523150682449341,0.9599999999999996,0.9381213898114404
215,3e-05,0.3009799601033676,0.2412068131903652,0.8617702126502991,0.9599999999999996,0.9462002563254396
216,3e-05,0.3100556527921396,0.2434601565357297,0.8492807149887085,0.9399999999999996,0.9523027675770912
217,3e-05,0.316190846091093,0.2442010040365858,0.8613093495368958,0.9199999999999996,0.9510732203639884
218,3e-05,0.3060232585714769,0.2437702745315619,0.8673489689826965,0.9599999999999996,0.9450261297851744
219,3e-05,0.3078737962384557,0.2191786676412448,0.8801679015159607,0.9499999999999996,0.947796410323848
220,3e-05,0.3124237520288127,0.247840852336958,0.8638487458229065,0.9399999999999996,0.9507288397788348
221,3e-05,0.3023503472407658,0.2463789797882782,0.8746886253356934,0.9499999999999996,0.9468390423384976
222,3e-05,0.3054123716067898,0.2439085732126841,0.8519137501716614,0.9599999999999996,0.934626276389268
223,3e-05,0.2967207201922586,0.2104583465552423,0.8858357667922974,0.9299999999999996,0.960549131971298
224,3e-05,0.2859580791735834,0.2511441612659837,0.8931794166564941,0.8699999999999996,0.9684495709532336
225,3e-05,0.3091136595999548,0.219667925676913,0.88225257396698,0.9399999999999996,0.9551343391316488
226,3e-05,0.3070868941009507,0.2566698739654384,0.8615280389785767,0.9599999999999996,0.9451414704398295
227,3e-05,0.3179447730613309,0.2981563285778975,0.8473846912384033,0.9799999999999996,0.9297424213195412
228,3e-05,0.308797828679861,0.2350711566978134,0.8676013350486755,0.9599999999999996,0.948808156223732
229,3e-05,0.2858898468719896,0.2214089004904963,0.8818165063858032,0.9599999999999996,0.9468806368086344
230,3e-05,0.303001656204231,0.2252850301563739,0.8823990821838379,0.9299999999999996,0.957791692808038
231,3e-05,0.306249488809312,0.2393581099451694,0.8850238919258118,0.9099999999999996,0.9639736661045428
232,3e-05,0.3000214493782945,0.2226622004527598,0.8937830924987793,0.9499999999999996,0.9571912957488482
233,3e-05,0.2832303449164989,0.2388983666751301,0.86930251121521,0.9599999999999996,0.9405537587285144
234,3e-05,0.2952231387066286,0.2174562208965653,0.8737860918045044,0.9299999999999996,0.9563681539296636
235,3e-05,0.2946459201648254,0.2251293769513722,0.8555746078491211,0.9299999999999996,0.9494302774142608
236,3e-05,0.2829145859609278,0.2163932688417844,0.8822141885757446,0.9399999999999996,0.9593316344097108
237,3e-05,0.2892544902572336,0.2269601509673521,0.8847894072532654,0.9399999999999996,0.9605561802450212
238,3e-05,0.2826360072507414,0.2148428831307683,0.896263062953949,0.9199999999999996,0.966005924798202
239,3e-05,0.3220653257859769,0.2508277802116936,0.8514158725738525,0.9499999999999996,0.948175897105245
240,3e-05,0.3012272640485172,0.2361088877354632,0.8771583437919617,0.9399999999999996,0.9513430437303868
241,3e-05,0.2848533692285996,0.2262568298290716,0.8937463760375977,0.9499999999999996,0.9570803578514776
242,3e-05,0.2769001439329265,0.228892847005045,0.8784864544868469,0.9499999999999996,0.9522058296754724
243,3e-05,0.2881777113260225,0.2141294430621201,0.8926902413368225,0.9499999999999996,0.9595290246946409
244,3e-05,0.2790537791889767,0.2295673566433834,0.8869178891181946,0.9199999999999996,0.961679868179902
245,3e-05,0.2790564903917238,0.3358912218827754,0.8109169602394104,0.9799999999999996,0.9251965744231084
246,3e-05,0.3053073767543763,0.2434431148692965,0.871880054473877,0.9599999999999996,0.9436184060744148
247,3e-05,0.2835379285636798,0.2226806202321313,0.8813884854316711,0.9099999999999996,0.9640391667743218
248,3e-05,0.2954067620196083,0.2191520910488179,0.8886972069740295,0.9299999999999996,0.9550110233069998
249,3e-05,0.2933986869662307,0.2120983466214966,0.8903713226318359,0.9599999999999996,0.9524615758047632
250,3e-05,0.2722754356010939,0.1915479735471308,0.9064010381698608,0.9299999999999996,0.9625506679156594
251,3e-05,0.2734859534936358,0.2276862727041589,0.86905437707901,0.9499999999999996,0.9545965075707148
252,3e-05,0.2776680053897606,0.1935406799137126,0.8984743356704712,0.9299999999999996,0.9610563566449676
253,3e-05,0.2689710714558298,0.2115068950661225,0.9054646492004396,0.9399999999999996,0.9655816187200604
254,3e-05,0.3036251395016677,0.19947643748892,0.902281939983368,0.9299999999999996,0.96019416932039
255,3e-05,0.2974692958500958,0.1886792113946285,0.9034366011619568,0.9099999999999996,0.9634745710835784
256,3e-05,0.2670906797166942,0.1971376520436024,0.9015473127365112,0.9399999999999996,0.9642992384195416
257,3e-05,0.2760964770649755,0.2061541052433312,0.8870786428451538,0.9499999999999996,0.9528132170773688
258,3e-05,0.2718046443868977,0.1834095539350528,0.9058135747909546,0.9299999999999996,0.9655697428615952
259,3e-05,0.2701269645792569,0.2388206058836658,0.8840135335922241,0.9499999999999996,0.9527911453599284
260,3e-05,0.2676128769336744,0.2236553053633542,0.890771746635437,0.9599999999999996,0.9481755108984656
261,3e-05,0.2685246885746948,0.2335026167682372,0.8859474062919617,0.9599999999999996,0.95162437605881
262,3e-05,0.2612752513599026,0.2483102445985423,0.8826640844345093,0.8999999999999996,0.9643796273606648
263,3e-05,0.2781882768915605,0.2457672543125227,0.9025765657424928,0.8899999999999996,0.9690548728385212
264,3e-05,0.266845574905706,0.2458258166676387,0.8834525346755981,0.9799999999999996,0.9499451296718228
265,3e-05,0.2701830324507498,0.3033876658300869,0.8381853103637695,0.9799999999999996,0.9262561327222768
266,3e-05,0.276378035660862,0.2142521796602522,0.8940086960792542,0.9499999999999996,0.955084286733044
267,3e-05,0.2660723898068879,0.2233950660418486,0.8781040906906128,0.9599999999999996,0.952843611550904
268,3e-05,0.2597846205151358,0.2282129420083947,0.8868249654769897,0.9599999999999996,0.9581093671943988
269,3e-05,0.2705043796883073,0.2382117756584193,0.8847408294677734,0.9599999999999996,0.9495537284112824
270,3e-05,0.2779307594132978,0.197566074563656,0.9004583954811096,0.9499999999999996,0.9582240899182072
271,3e-05,0.2676127295392428,0.2100922408106271,0.8912084102630615,0.9599999999999996,0.950447275726344
272,3e-05,0.251774407056875,0.2171944728994276,0.9033607244491576,0.9599999999999996,0.953102370093074
273,3e-05,0.2606419930162356,0.2076129518187372,0.8848289847373962,0.9599999999999996,0.9594382661014916
274,3e-05,0.2635957394228425,0.2100603580794995,0.8993178606033325,0.9399999999999996,0.9543527917826012
275,3e-05,0.260275660097137,0.2155270715767983,0.8740012645721436,0.9599999999999996,0.9455648689320396
276,3e-05,0.2611777048933413,0.2094038467825157,0.8827253580093384,0.9299999999999996,0.964392739080824
277,3e-05,0.256949457087258,0.2194792727183085,0.8876888155937195,0.9499999999999996,0.9588177090484192
278,3e-05,0.2804993125357369,0.2287240990903228,0.8782789707183838,0.9699999999999996,0.9391840763855216
279,3e-05,0.2619876482690027,0.2717157935883733,0.8647069334983826,0.9799999999999996,0.9338004504329668
280,3e-05,0.2526613867791124,0.2121794266044162,0.8835994005203247,0.9499999999999996,0.9457429295676628
281,3e-05,0.2657298721777376,0.2285262328397948,0.8775862455368042,0.9599999999999996,0.9469134450745408
282,3e-05,0.2643700907396715,0.2309470114210853,0.850719153881073,0.9499999999999996,0.9468076051066576
283,3e-05,0.2629484001749245,0.2260768154286779,0.8834303021430969,0.9699999999999996,0.9405024125371988
284,3e-05,0.2841257112201794,0.2174675672853482,0.8784516453742981,0.9599999999999996,0.9482182060579236
285,3e-05,0.2571212900008342,0.2323660191090311,0.8932979106903076,0.9299999999999996,0.963214364265986
286,3e-05,0.278745917271274,0.2607922837880324,0.8534286618232727,0.9499999999999996,0.9380889484419742
287,3e-05,0.2602782182453215,0.232293538909289,0.8737894296646118,0.9399999999999996,0.9529228225613504
288,3e-05,0.2608898334031881,0.2247500221565133,0.9001620411872864,0.9299999999999996,0.966084189602039
289,3e-05,0.24675554233466,0.2158904485986568,0.9123677015304564,0.9199999999999996,0.9667051135515518
290,3e-05,0.2395502899506295,0.2034991167747648,0.9099727272987366,0.9299999999999996,0.9670877865388786
291,3e-05,0.2512160364047501,0.1924331646529026,0.8928536772727966,0.9499999999999996,0.958118906501849
292,3e-05,0.2710183564313622,0.2287144455389352,0.8871941566467285,0.9399999999999996,0.959448365408772
293,3e-05,0.2509948968194251,0.2261642850528005,0.8796224594116211,0.9499999999999996,0.9538294236655542
294,3e-05,0.2413753882166027,0.2110966052685398,0.8946799039840698,0.9599999999999996,0.9604283844217316
295,3e-05,0.255592410532079,0.2067459736426826,0.8951267600059509,0.9399999999999996,0.9571702281690342
296,3e-05,0.2598981507295786,0.1920668297338124,0.9028285145759584,0.9299999999999996,0.965157969193444
297,3e-05,0.2596986519042836,0.2132500503168558,0.8886973261833191,0.9699999999999996,0.9475464572962474
298,3e-05,0.2465557213439498,0.2140601524617523,0.8752621412277222,0.9699999999999996,0.9514917140301006
299,3e-05,0.2637559619060782,0.2129587472998537,0.8729842901229858,0.9599999999999996,0.949458316026442
300,3e-05,0.2427564135124517,0.2240558492951095,0.8638315796852112,0.9699999999999996,0.9419733196770615
301,3e-05,0.2462743252746818,0.2029186601081164,0.8992031812667847,0.9599999999999996,0.9574895246238684
302,3e-05,0.2357001998858858,0.2007539052283391,0.8943219780921936,0.9499999999999996,0.9605740423085664
303,3e-05,0.2404803333356399,0.1982441222164198,0.8892350792884827,0.9399999999999996,0.9599726797324282
304,3e-05,0.2394954624564148,0.2259983956930227,0.8738752603530884,0.9699999999999996,0.9441886017634588
305,3e-05,0.2406725013671919,0.2174116270034574,0.8843587636947632,0.9599999999999996,0.9542153021691496
306,3e-05,0.2316878671331923,0.2420497015627916,0.8828776478767395,0.9399999999999996,0.9617964253859124
307,3e-05,0.2378862028898195,0.1846820279868552,0.9202367663383484,0.9099999999999996,0.9707883812780084
308,3e-05,0.2359989424084508,0.1995584344200324,0.9112802147865297,0.9499999999999996,0.9652538643367584
309,3e-05,0.2275052543065344,0.2121445579701685,0.9111819267272948,0.9699999999999996,0.9602792892945604
310,3e-05,0.2383414171924887,0.1991086006513796,0.8955601453781128,0.9299999999999996,0.96454137075986
311,3e-05,0.2332496697357458,0.2069369426346384,0.898581862449646,0.9499999999999996,0.9602028010419088
312,3e-05,0.2439798976099768,0.2199079749872908,0.9047234058380128,0.9399999999999996,0.9610340918241376
313,3e-05,0.2394451237926187,0.1983354925876483,0.8983414769172668,0.9599999999999996,0.9582620154239402
314,3e-05,0.2312796654165253,0.2020979967317543,0.8777153491973877,0.9599999999999996,0.952574116460268
315,3e-05,0.2341738227725953,0.1984498054283903,0.8879433870315552,0.9399999999999996,0.9588019904324996
316,3e-05,0.2334426759287368,0.1850716587621718,0.8944962620735168,0.9499999999999996,0.9598041197835776
317,3e-05,0.2413227388332056,0.1934314406957128,0.8949224352836609,0.9599999999999996,0.9562552077570404
318,3e-05,0.2440849577271661,0.2121521364140789,0.9087781310081482,0.9199999999999996,0.9645545211006972
319,3e-05,0.2346584152343661,0.2063932532328181,0.8953275084495544,0.9599999999999996,0.9584387243358352
320,3e-05,0.2496299404044483,0.6119368603958719,0.8075817823410034,0.9399999999999996,0.9460148770713476
321,3e-05,0.2596010474502578,0.203813419137441,0.8935711979866028,0.9399999999999996,0.9623296803965108
322,3e-05,0.2355528127315432,0.2024291797657497,0.8989214301109314,0.9599999999999996,0.9584275436495728
323,3e-05,0.2344265860873599,0.2045009140390902,0.9141127467155457,0.9299999999999996,0.9686669474389952
324,3e-05,0.2400393778270529,0.2153743430462782,0.8818211555480957,0.9699999999999996,0.9419267045187932
325,3e-05,0.2347232352855593,0.1997285104182083,0.8977518677711487,0.9799999999999996,0.9555195997043974
326,3e-05,0.2178100673265235,0.1769303277440485,0.9109897017478944,0.9399999999999996,0.9664464322507378
327,3e-05,0.2437177588080251,0.3509913436471834,0.8345268368721008,0.9799999999999996,0.8900318485420597
328,3e-05,0.2490139705266139,0.2080098429549252,0.8939334750175476,0.9499999999999996,0.9577168073135204
329,3e-05,0.2390993117362029,0.207092426661984,0.9068682789802552,0.9499999999999996,0.9628742512657444
330,3e-05,0.234240490105725,0.1966062627849169,0.909597635269165,0.9399999999999996,0.9655438670073784
331,3e-05,0.2272420289904572,0.1868015284067951,0.9116187691688538,0.9499999999999996,0.9618170295175912
332,3e-05,0.2208637443854827,0.1963288991828449,0.9052920937538148,0.9599999999999996,0.9678709945770776
333,3e-05,0.2311961235002029,0.1638653678761329,0.917073667049408,0.9499999999999996,0.9667262004417048
334,3e-05,0.2221271386442258,0.1809687914617825,0.9104103446006776,0.9499999999999996,0.9672079740886148
335,3e-05,0.2267302819924761,0.2118847944075241,0.8902360796928406,0.9699999999999996,0.9470368381405456
336,3e-05,0.2214293757150339,0.1850966159458039,0.9047424793243408,0.9399999999999996,0.9593157420007404
337,3e-05,0.2642095323449882,0.3036708541098051,0.8487727046012878,0.8999999999999996,0.9545214289728078
338,3e-05,0.2591243182965951,0.1878204096788977,0.9191180467605592,0.9499999999999996,0.9640238922961982
339,3e-05,0.221297949552536,0.2041025063994311,0.9006810188293457,0.9599999999999996,0.9608628284278312
340,3e-05,0.2318113190952197,0.2065758779193856,0.9109141230583192,0.9499999999999996,0.9652272546896606
341,3e-05,0.2430213376764179,0.2125226790696615,0.9002169370651245,0.9599999999999996,0.9533572858777892
342,3e-05,0.2233755499586578,0.2357126055358094,0.8746398687362671,0.9699999999999996,0.946751489261617
343,3e-05,0.2282542809266452,0.1870144269109005,0.9084755182266236,0.9699999999999996,0.9587055739100327
344,3e-05,0.2185717674419861,0.1907936923322268,0.9147261381149292,0.9399999999999996,0.9655214090831586
345,3e-05,0.209175121414569,0.1620790919580031,0.915948748588562,0.9399999999999996,0.9663006391915302
346,3e-05,0.2217335486134817,0.2437219073821324,0.8739585280418396,0.9899999999999995,0.935269735504356
347,3e-05,0.2313888926607693,0.2068679140080348,0.9053671956062316,0.9299999999999996,0.9640854343464887
348,3e-05,0.2148129713627719,0.1782919983379542,0.9066584706306458,0.9599999999999996,0.9573801701742932
349,3e-05,0.2183961942214374,0.1746145838871598,0.9095396399497986,0.9499999999999996,0.9636628275781765
350,3e-05,0.2149814994529236,0.1708640476281289,0.914647102355957,0.9599999999999996,0.9615249606407016
351,3e-05,0.2318966399098551,0.2246516129816882,0.9011488556861876,0.9499999999999996,0.9668999355613987
352,3e-05,0.2284577299458111,0.1892406142986146,0.9077765345573424,0.9499999999999996,0.9651955471130752
353,3e-05,0.2199194830979487,0.1938563441479345,0.9140363931655884,0.9599999999999996,0.9612146628038264
354,3e-05,0.2122035803951958,0.1725904536491725,0.9142596125602722,0.9599999999999996,0.9600708921164188
355,3e-05,0.2067465649325718,0.1690957841958152,0.9174857139587402,0.9399999999999996,0.9657139138523296
356,3e-05,0.2067326895257299,0.1798586613615043,0.9040537476539612,0.9599999999999996,0.9636599696480092
357,3e-05,0.2180374183280523,0.203359806012304,0.8962000012397766,0.9599999999999996,0.9519078518348588
358,3e-05,0.2194002751232117,0.1919460243429057,0.9050410389900208,0.9699999999999996,0.959082588968042
359,3e-05,0.2246451146842897,0.1762525755257229,0.9143632650375366,0.9599999999999996,0.965334658795
360,3e-05,0.2098357483398082,0.1805811254365835,0.9155900478363036,0.9499999999999996,0.9634196717898929
361,3e-05,0.2082178687402444,0.1845921985528548,0.9094089865684508,0.9799999999999996,0.9570853012982534
362,3e-05,0.2234111703181451,0.1969594591573695,0.9104190468788148,0.9299999999999996,0.9656738835196492
363,3e-05,0.2158016247111697,0.1607277656934456,0.923175811767578,0.9499999999999996,0.9690284176741352
364,3e-05,0.2180360493271849,0.2817060695859254,0.861810028553009,0.9799999999999996,0.9223679959710908
365,3e-05,0.2330750379451485,0.3169720977719407,0.9080358147621156,0.8499999999999996,0.973718551423336
366,3e-05,0.2112356588937515,0.1576509003687533,0.9188478589057922,0.9299999999999996,0.9728541434097772
367,3e-05,0.213148670141087,0.1795256696059368,0.9192320704460144,0.9299999999999996,0.969163918322673
368,3e-05,0.2145717205234276,0.1647107530159701,0.9218475818634032,0.9399999999999996,0.9721741684437006
369,3e-05,0.2157456170218859,0.2072271357115823,0.8991849422454834,0.9599999999999996,0.948754550722757
370,3e-05,0.2053898553284563,0.160396329408104,0.9233912825584412,0.9499999999999996,0.9696707181688856
371,3e-05,0.2051907939504283,0.1765593572352372,0.9128704071044922,0.9399999999999996,0.9651335416146496
372,3e-05,0.2086835455062777,0.1834189523942768,0.9218615889549256,0.9499999999999996,0.9720202457317876
373,3e-05,0.2043350399580112,0.1718133935559308,0.9323920607566832,0.9299999999999996,0.9747896379948684
374,3e-05,0.2068355445020882,0.1829611475302954,0.921845555305481,0.9499999999999996,0.9723425545995008
375,3e-05,0.2011308133486629,0.1782903680301387,0.9265596866607666,0.9299999999999996,0.9733345460226204
376,3e-05,0.2414095696321753,0.2239926298629143,0.8967470526695251,0.9599999999999996,0.9514716505879128
377,3e-05,0.2237846808609112,0.1915620168554596,0.9139646887779236,0.9499999999999996,0.9636899199837484
378,3e-05,0.217348713167878,0.1668595410592388,0.9192137718200684,0.9499999999999996,0.9663085178098292
379,3e-05,0.218215171680894,0.1774560396865126,0.9113789200782776,0.9699999999999996,0.96208777978026
380,3e-05,0.2000362562347752,0.1671865306347172,0.9220136404037476,0.9499999999999996,0.9647046203654944
381,3e-05,0.2003612898347913,0.1701703165788785,0.9267972111701964,0.9099999999999996,0.9769680759545148
382,3e-05,0.2005989834550739,0.1885426749016915,0.8909254670143127,0.9699999999999996,0.9631618208336544
383,3e-05,0.2147228807903999,0.1692762441267405,0.930376410484314,0.9199999999999996,0.9700785139072096
384,3e-05,0.2025714198979296,0.1586895938558882,0.921241819858551,0.9199999999999996,0.9728574840984188
385,3e-05,0.2095636529053828,0.1977997319827409,0.9070011377334596,0.9699999999999996,0.967164506515598
386,3e-05,0.2215620377498079,0.1792609872791217,0.9089738130569458,0.9599999999999996,0.9592440427121526
387,3e-05,0.2093692743038946,0.1867557715988368,0.9102141857147216,0.9699999999999996,0.9602322493088348
388,3e-05,0.2062840380871942,0.1836182996346906,0.9281455278396606,0.9199999999999996,0.9768319959958082
389,3e-05,0.2098898770966271,0.1978370820288546,0.9135804772377014,0.9699999999999996,0.9579724955117944
390,3e-05,0.202886946672617,0.1723665477409667,0.9244534969329834,0.9499999999999996,0.966191226810938
391,3e-05,0.1924656314212222,0.1867206903414626,0.9319672584533693,0.9199999999999996,0.976346051315681
392,3e-05,0.2174795259569966,0.1946893576983711,0.9018670916557312,0.9399999999999996,0.9605210354280996
393,3e-05,0.2004230400157529,0.1776603839425661,0.9276556968688964,0.9299999999999996,0.9740151196092052
394,3e-05,0.195806782721549,0.1874501825779589,0.9238017797470092,0.9499999999999996,0.9707685495598884
395,3e-05,0.2065746942462847,0.2478632314294372,0.870608389377594,0.9799999999999996,0.9394571825095446
396,3e-05,0.2221740836551947,0.1795615253326104,0.922499179840088,0.9099999999999996,0.971432265220554
397,3e-05,0.2050814545431802,0.2179051731171057,0.8982840776443481,0.9699999999999996,0.9562717953382138
398,3e-05,0.1986840120119642,0.197072320128791,0.9121527671813964,0.9799999999999996,0.9580068486048184
399,3e-05,0.1980764559766119,0.1807665245509269,0.9240243434906006,0.9499999999999996,0.9700007318618468
400,2.9999999999999997e-05,0.19400570824626803,0.17432836386578857,0.9293235540390015,0.9599999999999995,0.9639341571510144
